{
"type": "FeatureCollection",
"metadata": { "generated": 1678286782000, "url": "https:\/\/earthquake.usgs.gov\/fdsnws\/event\/1\/query.geojson?starttime=1500-01%2000:00:00&endtime=2023-03-08%2023:59:59&maxlatitude=42.695&minlatitude=35.546&maxlongitude=45.791&minlongitude=25.928&minmagnitude=6&orderby=time", "title": "USGS Earthquakes", "status": 200, "api": "1.13.6", "count": 119 },
"name": "major_earthquakes",
"bbox": [ 26.139, 36.043, 5, 45.058, 42.221, 36 ],                                                                                 
"features": [
{ "type": "Feature", "id": "us6000jqcn", "properties": { "mag": 6.3, "place": "2 km NNW of Uzunba?, Turkey", "time": 1676912669747, "updated": 1677623085566, "tz": null, "url": "https://earthquake.usgs.gov/earthquakes/eventpage/us6000jqcn", "detail": "https://earthquake.usgs.gov/fdsnws/event/1/query?eventid=us6000jqcn&format=geojson", "felt": 543, "cdi": 9.1, "mmi": 8.363, "alert": "red", "status": "reviewed", "tsunami": 0, "sig": 2494, "net": "us", "code": "6000jqcn", "ids": ",us6000jqcn,usauto6000jqcn,pt23051000,at00rqe23o,", "sources": ",us,usauto,pt,at,", "types": ",dyfi,ground-failure,internal-moment-tensor,internal-origin,losspager,moment-tensor,origin,phase-data,shakemap,", "nst": 136, "dmin": 1.39, "rms": 1.0, "gap": 26.0, "magType": "mww", "type": "earthquake", "title": "M 6.3 - 2 km NNW of Uzunba?, Turkey" }, "geometry": { "type": "Point", "coordinates": [ 36.0238, 36.1588, 16.0 ] } },
{ "type": "Feature", "id": "us6000jlrc", "properties": { "mag": 6.0, "place": "Central Turkey", "time": 1675684931203, "updated": 1677226618204, "tz": null, "url": "https://earthquake.usgs.gov/earthquakes/eventpage/us6000jlrc", "detail": "https://earthquake.usgs.gov/fdsnws/event/1/query?eventid=us6000jlrc&format=geojson", "felt": 22, "cdi": 7.5, "mmi": 7.567, "alert": "yellow", "status": "reviewed", "tsunami": 0, "sig": 666, "net": "us", "code": "6000jlrc", "ids": ",us6000jlrc,at00rpnqrp,", "sources": ",us,at,", "types": ",dyfi,ground-failure,internal-origin,losspager,origin,phase-data,shakemap,", "nst": 138, "dmin": 0.359, "rms": 0.55, "gap": 25.0, "magType": "mb", "type": "earthquake", "title": "M 6.0 - Central Turkey" }, "geometry": { "type": "Point", "coordinates": [ 36.5099, 38.0546, 8.116 ] } },
{ "type": "Feature", "id": "us6000jm1y", "properties": { "mag": 6.0, "place": "Central Turkey", "time": 1675679208486, "updated": 1676144416234, "tz": null, "url": "https://earthquake.usgs.gov/earthquakes/eventpage/us6000jm1y", "detail": "https://earthquake.usgs.gov/fdsnws/event/1/query?eventid=us6000jm1y&format=geojson", "felt": 3, "cdi": 8.2, "mmi": 6.788, "alert": "green", "status": "reviewed", "tsunami": 0, "sig": 556, "net": "us", "code": "6000jm1y", "ids": ",us6000jm1y,", "sources": ",us,", "types": ",dyfi,ground-failure,losspager,origin,phase-data,shakemap,", "nst": 59, "dmin": 1.045, "rms": 0.62, "gap": 63.0, "magType": "mb", "type": "earthquake", "title": "M 6.0 - Central Turkey" }, "geometry": { "type": "Point", "coordinates": [ 37.9636, 38.0302, 20.094 ] } },
{ "type": "Feature", "id": "us6000jlqa", "properties": { "mag": 7.5, "place": "4 km SSE of Ekinözü, Turkey", "time": 1675679089258, "updated": 1678221889126, "tz": null, "url": "https://earthquake.usgs.gov/earthquakes/eventpage/us6000jlqa", "detail": "https://earthquake.usgs.gov/fdsnws/event/1/query?eventid=us6000jlqa&format=geojson", "felt": 507, "cdi": 9.1, "mmi": 9.03, "alert": "red", "status": "reviewed", "tsunami": 0, "sig": 2461, "net": "us", "code": "6000jlqa", "ids": ",us6000jlqa,usauto6000jlqa,pt23037001,at00rpnm9e,", "sources": ",us,usauto,pt,at,", "types": ",dyfi,finite-fault,general-link,general-text,ground-failure,internal-moment-tensor,internal-origin,losspager,moment-tensor,origin,phase-data,shakemap,", "nst": 135, "dmin": 0.85, "rms": 0.93, "gap": 17.0, "magType": "mww", "type": "earthquake", "title": "M 7.5 - 4 km SSE of Ekinözü, Turkey" }, "geometry": { "type": "Point", "coordinates": [ 37.203, 38.0235, 10.0 ] } },
{ "type": "Feature", "id": "us6000jlm1", "properties": { "mag": 6.7, "place": "Central Turkey", "time": 1675646895984, "updated": 1677349923697, "tz": null, "url": "https://earthquake.usgs.gov/earthquakes/eventpage/us6000jlm1", "detail": "https://earthquake.usgs.gov/fdsnws/event/1/query?eventid=us6000jlm1&format=geojson", "felt": 124, "cdi": 7.8, "mmi": 7.817, "alert": "yellow", "status": "reviewed", "tsunami": 0, "sig": 787, "net": "us", "code": "6000jlm1", "ids": ",us6000jlm1,", "sources": ",us,", "types": ",dyfi,general-text,ground-failure,losspager,origin,phase-data,shakemap,", "nst": 192, "dmin": 0.21, "rms": 0.57, "gap": 19.0, "magType": "mww", "type": "earthquake", "title": "M 6.7 - Central Turkey" }, "geometry": { "type": "Point", "coordinates": [ 36.9468, 37.1784, 10.708 ] } },
{ "type": "Feature", "id": "us6000jllz", "properties": { "mag": 7.8, "place": "26 km ENE of Nurda??, Turkey", "time": 1675646254362, "updated": 1678216911772, "tz": null, "url": "https://earthquake.usgs.gov/earthquakes/eventpage/us6000jllz", "detail": "https://earthquake.usgs.gov/fdsnws/event/1/query?eventid=us6000jllz&format=geojson", "felt": 1963, "cdi": 9.1, "mmi": 9.419, "alert": "red", "status": "reviewed", "tsunami": 0, "sig": 2910, "net": "us", "code": "6000jllz", "ids": ",us6000jllz,usauto6000jllz,at00rpmwxe,pt23037000,", "sources": ",us,usauto,at,pt,", "types": ",dyfi,finite-fault,general-link,general-text,ground-failure,impact-text,internal-moment-tensor,internal-origin,losspager,moment-tensor,origin,phase-data,shakemap,", "nst": 230, "dmin": 0.16, "rms": 0.67, "gap": 17.0, "magType": "mww", "type": "earthquake", "title": "M 7.8 - 26 km ENE of Nurda??, Turkey" }, "geometry": { "type": "Point", "coordinates": [ 37.0209, 37.2251, 10.0 ] } },
{ "type": "Feature", "id": "us7000irp8", "properties": { "mag": 6.1, "place": "15 km W of Düzce, Turkey", "time": 1669165695435, "updated": 1677155940561, "tz": null, "url": "https://earthquake.usgs.gov/earthquakes/eventpage/us7000irp8", "detail": "https://earthquake.usgs.gov/fdsnws/event/1/query?eventid=us7000irp8&format=geojson", "felt": 1684, "cdi": 7.6, "mmi": 7.942, "alert": "orange", "status": "reviewed", "tsunami": 0, "sig": 1760, "net": "us", "code": "7000irp8", "ids": ",us7000irp8,usauto7000irp8,at00rls0hs,pt22327000,", "sources": ",us,usauto,at,pt,", "types": ",dyfi,general-text,ground-failure,impact-text,internal-moment-tensor,internal-origin,losspager,moment-tensor,origin,phase-data,shakemap,", "nst": 286, "dmin": 0.399, "rms": 0.64, "gap": 14.0, "magType": "mww", "type": "earthquake", "title": "M 6.1 - 15 km W of Düzce, Turkey" }, "geometry": { "type": "Point", "coordinates": [ 30.9831, 40.8356, 10.0 ] } },
{ "type": "Feature", "id": "us7000c7y0", "properties": { "mag": 7.0, "place": "13 km NNE of Néon Karlovásion, Greece", "time": 1604058687348, "updated": 1667243631035, "tz": null, "url": "https://earthquake.usgs.gov/earthquakes/eventpage/us7000c7y0", "detail": "https://earthquake.usgs.gov/fdsnws/event/1/query?eventid=us7000c7y0&format=geojson", "felt": 694, "cdi": 7.6, "mmi": 7.213, "alert": "orange", "status": "reviewed", "tsunami": 0, "sig": 1527, "net": "us", "code": "7000c7y0", "ids": ",us7000c7y0,pt20304000,at00qj0jlr,", "sources": ",us,pt,at,", "types": ",dyfi,finite-fault,general-text,ground-failure,impact-text,internal-origin,losspager,moment-tensor,origin,phase-data,shakemap,", "nst": null, "dmin": 1.518, "rms": 0.59, "gap": 18.0, "magType": "mww", "type": "earthquake", "title": "M 7.0 - 13 km NNE of Néon Karlovásion, Greece" }, "geometry": { "type": "Point", "coordinates": [ 26.7838, 37.8973, 21.0 ] } },
{ "type": "Feature", "id": "us70007v9g", "properties": { "mag": 6.0, "place": "37 km ESE of Özalp, Turkey", "time": 1582473631626, "updated": 1646888808661, "tz": null, "url": "https://earthquake.usgs.gov/earthquakes/eventpage/us70007v9g", "detail": "https://earthquake.usgs.gov/fdsnws/event/1/query?eventid=us70007v9g&format=geojson", "felt": 17, "cdi": 7.1, "mmi": 6.699, "alert": "yellow", "status": "reviewed", "tsunami": 0, "sig": 662, "net": "us", "code": "70007v9g", "ids": ",us70007v9g,at00q65wgz,pt20054001,", "sources": ",us,at,pt,", "types": ",dyfi,ground-failure,impact-text,internal-origin,losspager,moment-tensor,origin,phase-data,shakemap,", "nst": null, "dmin": 1.049, "rms": 0.92, "gap": 18.0, "magType": "mww", "type": "earthquake", "title": "M 6.0 - 37 km ESE of Özalp, Turkey" }, "geometry": { "type": "Point", "coordinates": [ 44.3732, 38.4958, 10.0 ] } },
{ "type": "Feature", "id": "us60007ewc", "properties": { "mag": 6.7, "place": "13 km N of Do?anyol, Turkey", "time": 1579888514147, "updated": 1677745890543, "tz": null, "url": "https://earthquake.usgs.gov/earthquakes/eventpage/us60007ewc", "detail": "https://earthquake.usgs.gov/fdsnws/event/1/query?eventid=us60007ewc&format=geojson", "felt": 214, "cdi": 7.9, "mmi": 9.329, "alert": "orange", "status": "reviewed", "tsunami": 0, "sig": 1169, "net": "us", "code": "60007ewc", "ids": ",us60007ewc,pt20024000,", "sources": ",us,pt,", "types": ",dyfi,finite-fault,general-text,ground-failure,impact-text,internal-origin,losspager,moment-tensor,origin,phase-data,shakemap,", "nst": null, "dmin": 0.87, "rms": 0.69, "gap": 49.0, "magType": "mww", "type": "earthquake", "title": "M 6.7 - 13 km N of Do?anyol, Turkey" }, "geometry": { "type": "Point", "coordinates": [ 39.0609, 38.4312, 10.0 ] } },
{ "type": "Feature", "id": "us20009ynd", "properties": { "mag": 6.6, "place": "11 km ENE of Kos, Greece", "time": 1500589871260, "updated": 1652380706907, "tz": null, "url": "https://earthquake.usgs.gov/earthquakes/eventpage/us20009ynd", "detail": "https://earthquake.usgs.gov/fdsnws/event/1/query?eventid=us20009ynd&format=geojson", "felt": 563, "cdi": 7.0, "mmi": 6.728, "alert": "yellow", "status": "reviewed", "tsunami": 0, "sig": 1064, "net": "us", "code": "20009ynd", "ids": ",us20009ynd,iscgem610790782,", "sources": ",us,iscgem,", "types": ",dyfi,general-text,impact-text,losspager,moment-tensor,origin,phase-data,poster,shakemap,", "nst": null, "dmin": 0.913, "rms": 0.78, "gap": 16.0, "magType": "mww", "type": "earthquake", "title": "M 6.6 - 11 km ENE of Kos, Greece" }, "geometry": { "type": "Point", "coordinates": [ 27.4139, 36.9293, 7.0 ] } },
{ "type": "Feature", "id": "us20009ly0", "properties": { "mag": 6.3, "place": "5 km S of Plomári, Greece", "time": 1497270519150, "updated": 1651607547633, "tz": null, "url": "https://earthquake.usgs.gov/earthquakes/eventpage/us20009ly0", "detail": "https://earthquake.usgs.gov/fdsnws/event/1/query?eventid=us20009ly0&format=geojson", "felt": 272, "cdi": 9.1, "mmi": 8.37, "alert": "yellow", "status": "reviewed", "tsunami": 0, "sig": 898, "net": "us", "code": "20009ly0", "ids": ",us20009ly0,iscgem615348170,", "sources": ",us,iscgem,", "types": ",dyfi,general-text,impact-text,losspager,moment-tensor,origin,phase-data,shakemap,", "nst": null, "dmin": 1.77, "rms": 0.76, "gap": 55.0, "magType": "mww", "type": "earthquake", "title": "M 6.3 - 5 km S of Plomári, Greece" }, "geometry": { "type": "Point", "coordinates": [ 26.365, 38.9296, 12.0 ] } },
{ "type": "Feature", "id": "usp000jmkj", "properties": { "mag": 6.0, "place": "28 km SW of Ölüdeniz, Turkey", "time": 1339332256590, "updated": 1651592547624, "tz": null, "url": "https://earthquake.usgs.gov/earthquakes/eventpage/usp000jmkj", "detail": "https://earthquake.usgs.gov/fdsnws/event/1/query?eventid=usp000jmkj&format=geojson", "felt": 212, "cdi": 6.8, "mmi": 5.24, "alert": null, "status": "reviewed", "tsunami": 0, "sig": 698, "net": "us", "code": "p000jmkj", "ids": ",usp000jmkj,usb000ac4h,iscgem601112118,atlas20120610124416,", "sources": ",us,us,iscgem,atlas,", "types": ",associate,dyfi,impact-text,moment-tensor,origin,phase-data,shakemap,", "nst": 529, "dmin": null, "rms": null, "gap": 40.6, "magType": "mww", "type": "earthquake", "title": "M 6.0 - 28 km SW of Ölüdeniz, Turkey" }, "geometry": { "type": "Point", "coordinates": [ 28.88, 36.42, 35.0 ] } },
{ "type": "Feature", "id": "usp000j9rr", "properties": { "mag": 7.1, "place": "27 km NNE of Van, Turkey", "time": 1319366483250, "updated": 1649455727620, "tz": null, "url": "https://earthquake.usgs.gov/earthquakes/eventpage/usp000j9rr", "detail": "https://earthquake.usgs.gov/fdsnws/event/1/query?eventid=usp000j9rr&format=geojson", "felt": 352, "cdi": 9.1, "mmi": 8.909, "alert": null, "status": "reviewed", "tsunami": 0, "sig": 1096, "net": "us", "code": "p000j9rr", "ids": ",usb0006bqc,usp000j9rr,choy20111023104122,duputel201110231041a,atlas20111023104121,iscgem17394270,", "sources": ",us,us,choy,duputel,atlas,iscgem,", "types": ",associate,dyfi,finite-fault,focal-mechanism,general-text,ground-failure,impact-text,moment-tensor,origin,phase-data,poster,shakemap,trump-shakemap,", "nst": 693, "dmin": null, "rms": 0.93, "gap": 19.7, "magType": "mww", "type": "earthquake", "title": "M 7.1 - 27 km NNE of Van, Turkey" }, "geometry": { "type": "Point", "coordinates": [ 43.508, 38.721, 18.0 ] } },
{ "type": "Feature", "id": "usp000h8x1", "properties": { "mag": 6.1, "place": "10 km SSW of Karakoçan, Turkey", "time": 1268015554710, "updated": 1657949981488, "tz": null, "url": "https://earthquake.usgs.gov/earthquakes/eventpage/usp000h8x1", "detail": "https://earthquake.usgs.gov/fdsnws/event/1/query?eventid=usp000h8x1&format=geojson", "felt": 92, "cdi": 6.4, "mmi": 7.381, "alert": null, "status": "reviewed", "tsunami": 0, "sig": 631, "net": "us", "code": "p000h8x1", "ids": ",us2010tpac,usp000h8x1,choy20100308023234,gcmtc201003080232a,gcmt20100308023234,atlas20100308023234,iscgem14373453,", "sources": ",us,us,choy,gcmt,gcmt,atlas,iscgem,", "types": ",associate,dyfi,focal-mechanism,general-text,impact-text,moment-tensor,origin,phase-data,shakemap,trump-shakemap,", "nst": 379, "dmin": null, "rms": 0.76, "gap": 22.0, "magType": "mwc", "type": "earthquake", "title": "M 6.1 - 10 km SSW of Karakoçan, Turkey" }, "geometry": { "type": "Point", "coordinates": [ 39.986, 38.864, 12.0 ] } },
{ "type": "Feature", "id": "usp000bwbc", "properties": { "mag": 6.4, "place": "13 km N of Bingöl, Turkey", "time": 1051748824700, "updated": 1651509070015, "tz": null, "url": "https://earthquake.usgs.gov/earthquakes/eventpage/usp000bwbc", "detail": "https://earthquake.usgs.gov/fdsnws/event/1/query?eventid=usp000bwbc&format=geojson", "felt": null, "cdi": null, "mmi": 9.049, "alert": null, "status": "reviewed", "tsunami": 0, "sig": 630, "net": "us", "code": "p000bwbc", "ids": ",choy20030501002704,gcmtc050103b,usp000bwbc,gcmt20030501002704,atlas20030501002706,iscgem6832154,", "sources": ",choy,gcmt,us,gcmt,atlas,iscgem,", "types": ",focal-mechanism,ground-failure,impact-text,moment-tensor,origin,phase-data,shakemap,trump-shakemap,", "nst": 504, "dmin": null, "rms": 1.09, "gap": 30.9, "magType": "mwb", "type": "earthquake", "title": "M 6.4 - 13 km N of Bingöl, Turkey" }, "geometry": { "type": "Point", "coordinates": [ 40.464, 39.007, 10.0 ] } },
{ "type": "Feature", "id": "usp000bpa1", "properties": { "mag": 6.1, "place": "2 km NW of Pulumer, Turkey", "time": 1043645183040, "updated": 1651508661400, "tz": null, "url": "https://earthquake.usgs.gov/earthquakes/eventpage/usp000bpa1", "detail": "https://earthquake.usgs.gov/fdsnws/event/1/query?eventid=usp000bpa1&format=geojson", "felt": null, "cdi": null, "mmi": 7.62, "alert": null, "status": "reviewed", "tsunami": 0, "sig": 572, "net": "us", "code": "p000bpa1", "ids": ",gcmtc012703a,usp000bpa1,gcmt20030127052623,atlas20030127052625,iscgem6548693,", "sources": ",gcmt,us,gcmt,atlas,iscgem,", "types": ",focal-mechanism,general-text,impact-text,moment-tensor,origin,phase-data,shakemap,trump-shakemap,", "nst": 384, "dmin": null, "rms": 1.14, "gap": null, "magType": "mwc", "type": "earthquake", "title": "M 6.1 - 2 km NW of Pulumer, Turkey" }, "geometry": { "type": "Point", "coordinates": [ 39.878, 39.5, 10.0 ] } },
{ "type": "Feature", "id": "usp000axpg", "properties": { "mag": 6.0, "place": "11 km WNW of Çay, Turkey", "time": 1012728403350, "updated": 1651506245575, "tz": null, "url": "https://earthquake.usgs.gov/earthquakes/eventpage/usp000axpg", "detail": "https://earthquake.usgs.gov/fdsnws/event/1/query?eventid=usp000axpg&format=geojson", "felt": null, "cdi": null, "mmi": 6.747, "alert": null, "status": "reviewed", "tsunami": 0, "sig": 554, "net": "us", "code": "p000axpg", "ids": ",choy20020203092643,gcmtb020302c,usp000axpg,gcmt20020203092643,atlas20020203092645,iscgem2787647,", "sources": ",choy,gcmt,us,gcmt,atlas,iscgem,", "types": ",focal-mechanism,moment-tensor,origin,phase-data,shakemap,trump-shakemap,", "nst": 450, "dmin": null, "rms": 0.91, "gap": null, "magType": "mwb", "type": "earthquake", "title": "M 6.0 - 11 km WNW of Çay, Turkey" }, "geometry": { "type": "Point", "coordinates": [ 30.902, 38.632, 10.0 ] } },
{ "type": "Feature", "id": "usp000axp7", "properties": { "mag": 6.5, "place": "5 km NE of Sultanda??, Turkey", "time": 1012720288410, "updated": 1651506224796, "tz": null, "url": "https://earthquake.usgs.gov/earthquakes/eventpage/usp000axp7", "detail": "https://earthquake.usgs.gov/fdsnws/event/1/query?eventid=usp000axp7&format=geojson", "felt": null, "cdi": null, "mmi": 7.349, "alert": null, "status": "reviewed", "tsunami": 0, "sig": 650, "net": "us", "code": "p000axp7", "ids": ",choy20020203071128,gcmtc020302a,usp000axp7,gcmt20020203071128,atlas20020203071130,iscgem2765123,", "sources": ",choy,gcmt,us,gcmt,atlas,iscgem,", "types": ",focal-mechanism,impact-text,moment-tensor,origin,phase-data,shakemap,trump-shakemap,", "nst": 482, "dmin": null, "rms": null, "gap": null, "magType": "mwc", "type": "earthquake", "title": "M 6.5 - 5 km NE of Sultanda??, Turkey" }, "geometry": { "type": "Point", "coordinates": [ 31.271, 38.573, 5.0 ] } },
{ "type": "Feature", "id": "usp000a64f", "properties": { "mag": 6.0, "place": "12 km NNW of Ak?ehir, Turkey", "time": 976898687660, "updated": 1651258888396, "tz": null, "url": "https://earthquake.usgs.gov/earthquakes/eventpage/usp000a64f", "detail": "https://earthquake.usgs.gov/fdsnws/event/1/query?eventid=usp000a64f&format=geojson", "felt": null, "cdi": null, "mmi": 6.684, "alert": null, "status": "reviewed", "tsunami": 0, "sig": 554, "net": "us", "code": "p000a64f", "ids": ",choy20001215164447,gcmtc121500f,usp000a64f,gcmt20001215164447,atlas20001215164448,iscgem1743050,", "sources": ",choy,gcmt,us,gcmt,atlas,iscgem,", "types": ",focal-mechanism,impact-text,moment-tensor,origin,phase-data,shakemap,trump-shakemap,", "nst": 174, "dmin": null, "rms": 1.24, "gap": null, "magType": "mwc", "type": "earthquake", "title": "M 6.0 - 12 km NNW of Ak?ehir, Turkey" }, "geometry": { "type": "Point", "coordinates": [ 31.351, 38.457, 10.0 ] } },
{ "type": "Feature", "id": "usp0009u3d", "properties": { "mag": 6.0, "place": "12 km NW of Orta, Turkey", "time": 960259309800, "updated": 1651257592357, "tz": null, "url": "https://earthquake.usgs.gov/earthquakes/eventpage/usp0009u3d", "detail": "https://earthquake.usgs.gov/fdsnws/event/1/query?eventid=usp0009u3d&format=geojson", "felt": null, "cdi": null, "mmi": 6.904, "alert": null, "status": "reviewed", "tsunami": 0, "sig": 554, "net": "us", "code": "p0009u3d", "ids": ",choy20000606024149,gcmtc060600b,usp0009u3d,gcmt20000606024149,atlas20000606024151,iscgem1736158,", "sources": ",choy,gcmt,us,gcmt,atlas,iscgem,", "types": ",focal-mechanism,impact-text,moment-tensor,origin,phase-data,shakemap,trump-shakemap,", "nst": 418, "dmin": null, "rms": 1.04, "gap": null, "magType": "mwc", "type": "earthquake", "title": "M 6.0 - 12 km NW of Orta, Turkey" }, "geometry": { "type": "Point", "coordinates": [ 32.992, 40.693, 10.0 ] } },
{ "type": "Feature", "id": "usp0009hev", "properties": { "mag": 7.2, "place": "8 km S of Düzce, Turkey", "time": 942425839550, "updated": 1651255866858, "tz": null, "url": "https://earthquake.usgs.gov/earthquakes/eventpage/usp0009hev", "detail": "https://earthquake.usgs.gov/fdsnws/event/1/query?eventid=usp0009hev&format=geojson", "felt": null, "cdi": null, "mmi": 9.009, "alert": null, "status": "reviewed", "tsunami": 0, "sig": 798, "net": "us", "code": "p0009hev", "ids": ",choy19991112165719,gcmtc111299d,usp0009hev,gcmt19991112165719,duputel111299d,atlas19991112165719,iscgem1650092,", "sources": ",choy,gcmt,us,gcmt,duputel,atlas,iscgem,", "types": ",focal-mechanism,ground-failure,impact-text,moment-tensor,origin,phase-data,shakemap,trump-shakemap,", "nst": null, "dmin": null, "rms": 1.11, "gap": null, "magType": "mwc", "type": "earthquake", "title": "M 7.2 - 8 km S of Düzce, Turkey" }, "geometry": { "type": "Point", "coordinates": [ 31.161, 40.758, 10.0 ] } },
{ "type": "Feature", "id": "usp0009d4z", "properties": { "mag": 7.6, "place": "4 km ESE of Derince, Turkey", "time": 934848099130, "updated": 1651256180188, "tz": null, "url": "https://earthquake.usgs.gov/earthquakes/eventpage/usp0009d4z", "detail": "https://earthquake.usgs.gov/fdsnws/event/1/query?eventid=usp0009d4z&format=geojson", "felt": null, "cdi": null, "mmi": 9.319, "alert": null, "status": "reviewed", "tsunami": 0, "sig": 889, "net": "us", "code": "p0009d4z", "ids": ",usp0009d4z,choy19990817000139,gcmtm081799a,gcmt19990817000139,duputel081799a,atlas19990817000139,iscgem1655218,", "sources": ",us,choy,gcmt,gcmt,duputel,atlas,iscgem,", "types": ",finite-fault,focal-mechanism,ground-failure,impact-text,moment-tensor,origin,phase-data,shakemap,trump-shakemap,", "nst": null, "dmin": null, "rms": 1.27, "gap": null, "magType": "mwc", "type": "earthquake", "title": "M 7.6 - 4 km ESE of Derince, Turkey" }, "geometry": { "type": "Point", "coordinates": [ 29.864, 40.748, 17.0 ] } },
{ "type": "Feature", "id": "usp0008qkc", "properties": { "mag": 6.3, "place": "12 km S of Adana, Turkey", "time": 898955752080, "updated": 1651253539150, "tz": null, "url": "https://earthquake.usgs.gov/earthquakes/eventpage/usp0008qkc", "detail": "https://earthquake.usgs.gov/fdsnws/event/1/query?eventid=usp0008qkc&format=geojson", "felt": null, "cdi": null, "mmi": 8.054, "alert": null, "status": "reviewed", "tsunami": 0, "sig": 611, "net": "us", "code": "p0008qkc", "ids": ",choy19980627135552,gcmtc062798c,usp0008qkc,gcmt19980627135552,atlas19980627135551,iscgem1147835,", "sources": ",choy,gcmt,us,gcmt,atlas,iscgem,", "types": ",focal-mechanism,ground-failure,impact-text,moment-tensor,origin,phase-data,shakemap,trump-shakemap,", "nst": null, "dmin": null, "rms": 1.31, "gap": null, "magType": "mwc", "type": "earthquake", "title": "M 6.3 - 12 km S of Adana, Turkey" }, "geometry": { "type": "Point", "coordinates": [ 35.307, 36.878, 33.0 ] } },
{ "type": "Feature", "id": "usp000749b", "properties": { "mag": 6.4, "place": "2 km W of Dinar, Turkey", "time": 812563036200, "updated": 1651262058068, "tz": null, "url": "https://earthquake.usgs.gov/earthquakes/eventpage/usp000749b", "detail": "https://earthquake.usgs.gov/fdsnws/event/1/query?eventid=usp000749b&format=geojson", "felt": null, "cdi": null, "mmi": 7.879, "alert": null, "status": "reviewed", "tsunami": 0, "sig": 630, "net": "us", "code": "p000749b", "ids": ",choy19951001155716,gcmtb100195b,usp000749b,gcmt19951001155716,atlas19951001155717,iscgem72858,", "sources": ",choy,gcmt,us,gcmt,atlas,iscgem,", "types": ",focal-mechanism,ground-failure,impact-text,origin,phase-data,shakemap,trump-shakemap,", "nst": null, "dmin": null, "rms": 1.1, "gap": null, "magType": "mw", "type": "earthquake", "title": "M 6.4 - 2 km W of Dinar, Turkey" }, "geometry": { "type": "Point", "coordinates": [ 30.134, 38.063, 33.0 ] } },
{ "type": "Feature", "id": "usp0005gdt", "properties": { "mag": 6.1, "place": "14 km ESE of Seferihisar, Turkey", "time": 721076889250, "updated": 1651170466025, "tz": null, "url": "https://earthquake.usgs.gov/earthquakes/eventpage/usp0005gdt", "detail": "https://earthquake.usgs.gov/fdsnws/event/1/query?eventid=usp0005gdt&format=geojson", "felt": null, "cdi": null, "mmi": 6.693, "alert": null, "status": "reviewed", "tsunami": 0, "sig": 572, "net": "us", "code": "p0005gdt", "ids": ",choy19921106190809,gcmtc110692f,usp0005gdt,gcmt19921106190808,atlas19921106190809,iscgem261332,", "sources": ",choy,gcmt,us,gcmt,atlas,iscgem,", "types": ",focal-mechanism,impact-text,origin,phase-data,shakemap,trump-shakemap,", "nst": null, "dmin": null, "rms": 1.3, "gap": null, "magType": "mwb", "type": "earthquake", "title": "M 6.1 - 14 km ESE of Seferihisar, Turkey" }, "geometry": { "type": "Point", "coordinates": [ 26.998, 38.16, 17.2 ] } },
{ "type": "Feature", "id": "usp000547c", "properties": { "mag": 6.7, "place": "8 km W of Cimin, Turkey", "time": 700507119980, "updated": 1651171929822, "tz": null, "url": "https://earthquake.usgs.gov/earthquakes/eventpage/usp000547c", "detail": "https://earthquake.usgs.gov/fdsnws/event/1/query?eventid=usp000547c&format=geojson", "felt": null, "cdi": null, "mmi": 8.436, "alert": null, "status": "reviewed", "tsunami": 0, "sig": 691, "net": "us", "code": "p000547c", "ids": ",choy19920313171839,gcmtc031392d,usp000547c,gcmt19920313171840,duputel031392d,atlas19920313171838,iscgem299638,", "sources": ",choy,gcmt,us,gcmt,duputel,atlas,iscgem,", "types": ",focal-mechanism,ground-failure,impact-text,moment-tensor,origin,phase-data,shakemap,trump-shakemap,", "nst": null, "dmin": null, "rms": 1.1, "gap": null, "magType": "mwb", "type": "earthquake", "title": "M 6.7 - 8 km W of Cimin, Turkey" }, "geometry": { "type": "Point", "coordinates": [ 39.605, 39.71, 27.2 ] } },
{ "type": "Feature", "id": "usp0002thr", "properties": { "mag": 6.1, "place": "11 km SSW of Do?an?ehir, Turkey", "time": 515648138830, "updated": 1651097770338, "tz": null, "url": "https://earthquake.usgs.gov/earthquakes/eventpage/usp0002thr", "detail": "https://earthquake.usgs.gov/fdsnws/event/1/query?eventid=usp0002thr&format=geojson", "felt": null, "cdi": null, "mmi": 7.344, "alert": null, "status": "reviewed", "tsunami": 0, "sig": 572, "net": "us", "code": "p0002thr", "ids": ",gcmtb050586a,usp0002thr,gcmt19860505033538,atlas19860505033539,iscgem494730,", "sources": ",gcmt,us,gcmt,atlas,iscgem,", "types": ",focal-mechanism,impact-text,origin,phase-data,shakemap,trump-shakemap,", "nst": null, "dmin": null, "rms": 1.1, "gap": null, "magType": "mw", "type": "earthquake", "title": "M 6.1 - 11 km SSW of Do?an?ehir, Turkey" }, "geometry": { "type": "Point", "coordinates": [ 37.806, 37.993, 9.6 ] } },
{ "type": "Feature", "id": "usp0001zdn", "properties": { "mag": 6.8, "place": "27 km E of Narman, Turkey", "time": 436335147130, "updated": 1651103361034, "tz": null, "url": "https://earthquake.usgs.gov/earthquakes/eventpage/usp0001zdn", "detail": "https://earthquake.usgs.gov/fdsnws/event/1/query?eventid=usp0001zdn&format=geojson", "felt": null, "cdi": null, "mmi": 8.584, "alert": null, "status": "reviewed", "tsunami": 0, "sig": 711, "net": "us", "code": "p0001zdn", "ids": ",gcmtc103083b,usp0001zdn,gcmt19831030041227,atlas19831030041227,iscgem567451,", "sources": ",gcmt,us,gcmt,atlas,iscgem,", "types": ",focal-mechanism,impact-text,origin,phase-data,shakemap,trump-shakemap,", "nst": null, "dmin": null, "rms": 1.1, "gap": null, "magType": "mw", "type": "earthquake", "title": "M 6.8 - 27 km E of Narman, Turkey" }, "geometry": { "type": "Point", "coordinates": [ 42.187, 40.33, 11.6 ] } },
{ "type": "Feature", "id": "usp0001wk7", "properties": { "mag": 6.1, "place": "10 km N of Biga, Turkey", "time": 426254487380, "updated": 1651103670253, "tz": null, "url": "https://earthquake.usgs.gov/earthquakes/eventpage/usp0001wk7", "detail": "https://earthquake.usgs.gov/fdsnws/event/1/query?eventid=usp0001wk7&format=geojson", "felt": null, "cdi": null, "mmi": 7.765, "alert": null, "status": "reviewed", "tsunami": 0, "sig": 572, "net": "us", "code": "p0001wk7", "ids": ",gcmtb070583c,usp0001wk7,gcmt19830705120127,atlas19830705120127,iscgem571502,", "sources": ",gcmt,us,gcmt,atlas,iscgem,", "types": ",focal-mechanism,impact-text,origin,phase-data,shakemap,trump-shakemap,", "nst": null, "dmin": null, "rms": 1.2, "gap": null, "magType": "ms", "type": "earthquake", "title": "M 6.1 - 10 km N of Biga, Turkey" }, "geometry": { "type": "Point", "coordinates": [ 27.222, 40.324, 10.0 ] } },
{ "type": "Feature", "id": "usp0000kf0", "properties": { "mag": 7.3, "place": "47 km S of Do?ubayaz?t, Turkey", "time": 217686138800, "updated": 1651078050211, "tz": null, "url": "https://earthquake.usgs.gov/earthquakes/eventpage/usp0000kf0", "detail": "https://earthquake.usgs.gov/fdsnws/event/1/query?eventid=usp0000kf0&format=geojson", "felt": null, "cdi": null, "mmi": 8.544, "alert": null, "status": "reviewed", "tsunami": 0, "sig": 820, "net": "us", "code": "p0000kf0", "ids": ",gcmtc112476a,gcmt19761124122218,atlas19761124122218,iscgem706299,usp0000kf0,", "sources": ",gcmt,gcmt,atlas,iscgem,us,", "types": ",focal-mechanism,origin,shakemap,trump-shakemap,", "nst": null, "dmin": null, "rms": null, "gap": null, "magType": "ms", "type": "earthquake", "title": "M 7.3 - 47 km S of Do?ubayaz?t, Turkey" }, "geometry": { "type": "Point", "coordinates": [ 44.029, 39.121, 36.0 ] } },
{ "type": "Feature", "id": "usp0000cqe", "properties": { "mag": 6.7, "place": "7 km ENE of Lice, Turkey", "time": 179227210900, "updated": 1651080722387, "tz": null, "url": "https://earthquake.usgs.gov/earthquakes/eventpage/usp0000cqe", "detail": "https://earthquake.usgs.gov/fdsnws/event/1/query?eventid=usp0000cqe&format=geojson", "felt": null, "cdi": null, "mmi": 8.226, "alert": null, "status": "reviewed", "tsunami": 0, "sig": 691, "net": "us", "code": "p0000cqe", "ids": ",usp0000cqe,atlas19750906092011,iscgem723680,", "sources": ",us,atlas,iscgem,", "types": ",impact-text,origin,shakemap,trump-shakemap,", "nst": null, "dmin": null, "rms": null, "gap": null, "magType": "ms", "type": "earthquake", "title": "M 6.7 - 7 km ENE of Lice, Turkey" }, "geometry": { "type": "Point", "coordinates": [ 40.723, 38.474, 26.0 ] } },
{ "type": "Feature", "id": "usp0000acv", "properties": { "mag": 6.7, "place": "31 km NE of Gökçeada, Turkey", "time": 165129306200, "updated": 1651081903661, "tz": null, "url": "https://earthquake.usgs.gov/earthquakes/eventpage/usp0000acv", "detail": "https://earthquake.usgs.gov/fdsnws/event/1/query?eventid=usp0000acv&format=geojson", "felt": null, "cdi": null, "mmi": 7.365, "alert": null, "status": "reviewed", "tsunami": 0, "sig": 691, "net": "us", "code": "p0000acv", "ids": ",atlas19750327051507,iscgem731665,usp0000acv,", "sources": ",atlas,iscgem,us,", "types": ",origin,shakemap,trump-shakemap,", "nst": null, "dmin": null, "rms": null, "gap": null, "magType": "ms", "type": "earthquake", "title": "M 6.7 - 31 km NE of Gökçeada, Turkey" }, "geometry": { "type": "Point", "coordinates": [ 26.139, 40.418, 5.0 ] } },
{ "type": "Feature", "id": "iscgem784837", "properties": { "mag": 6.58, "place": null, "time": 43778642740, "updated": 1651007759081, "tz": null, "url": "https://earthquake.usgs.gov/earthquakes/eventpage/iscgem784837", "detail": "https://earthquake.usgs.gov/fdsnws/event/1/query?eventid=iscgem784837&format=geojson", "felt": null, "cdi": null, "mmi": 7.624, "alert": null, "status": "reviewed", "tsunami": 0, "sig": 666, "net": "iscgem", "code": "784837", "ids": ",iscgem784837,atlas19710522164401,", "sources": ",iscgem,atlas,", "types": ",impact-text,origin,shakemap,trump-shakemap,", "nst": null, "dmin": null, "rms": null, "gap": null, "magType": "mw", "type": "earthquake", "title": "M 6.6 - " }, "geometry": { "type": "Point", "coordinates": [ 40.653, 38.934, 10.0 ] } },
{ "type": "Feature", "id": "iscgem784339", "properties": { "mag": 6.34, "place": "8 km NNE of Ye?ilova, Turkey", "time": 42877516220, "updated": 1651007731627, "tz": null, "url": "https://earthquake.usgs.gov/earthquakes/eventpage/iscgem784339", "detail": "https://earthquake.usgs.gov/fdsnws/event/1/query?eventid=iscgem784339&format=geojson", "felt": null, "cdi": null, "mmi": 6.594, "alert": null, "status": "reviewed", "tsunami": 0, "sig": 618, "net": "iscgem", "code": "784339", "ids": ",atlas19710512062515,iscgem784339,", "sources": ",atlas,iscgem,", "types": ",origin,shakemap,trump-shakemap,", "nst": null, "dmin": null, "rms": null, "gap": null, "magType": "mw", "type": "earthquake", "title": "M 6.3 - 8 km NNE of Ye?ilova, Turkey" }, "geometry": { "type": "Point", "coordinates": [ 29.784, 37.585, 22.5 ] } },
{ "type": "Feature", "id": "iscgem796915", "properties": { "mag": 6.1, "place": "23 km NW of Dumlup?nar, Turkey", "time": 9379778130, "updated": 1651009415290, "tz": null, "url": "https://earthquake.usgs.gov/earthquakes/eventpage/iscgem796915", "detail": "https://earthquake.usgs.gov/fdsnws/event/1/query?eventid=iscgem796915&format=geojson", "felt": null, "cdi": null, "mmi": 6.432, "alert": null, "status": "reviewed", "tsunami": 0, "sig": 572, "net": "iscgem", "code": "796915", "ids": ",atlas19700419132937,iscgem796915,", "sources": ",atlas,iscgem,", "types": ",origin,shakemap,trump-shakemap,", "nst": null, "dmin": null, "rms": null, "gap": null, "magType": "mw", "type": "earthquake", "title": "M 6.1 - 23 km NW of Dumlup?nar, Turkey" }, "geometry": { "type": "Point", "coordinates": [ 29.753, 38.972, 18.4 ] } },
{ "type": "Feature", "id": "iscgem798506", "properties": { "mag": 7.23, "place": "19 km NE of Gediz, Turkey", "time": 7506146710, "updated": 1651009626566, "tz": null, "url": "https://earthquake.usgs.gov/earthquakes/eventpage/iscgem798506", "detail": "https://earthquake.usgs.gov/fdsnws/event/1/query?eventid=iscgem798506&format=geojson", "felt": null, "cdi": null, "mmi": 7.757, "alert": null, "status": "reviewed", "tsunami": 0, "sig": 804, "net": "iscgem", "code": "798506", "ids": ",iscgem798506,atlas19700328210225,", "sources": ",iscgem,atlas,", "types": ",impact-text,origin,shakemap,trump-shakemap,", "nst": null, "dmin": null, "rms": null, "gap": null, "magType": "mw", "type": "earthquake", "title": "M 7.2 - 19 km NE of Gediz, Turkey" }, "geometry": { "type": "Point", "coordinates": [ 29.57, 39.098, 25.0 ] } },
{ "type": "Feature", "id": "iscgem811616", "properties": { "mag": 6.8, "place": "9 km WSW of Kula, Turkey", "time": -24099087260, "updated": 1651011067525, "tz": null, "url": "https://earthquake.usgs.gov/earthquakes/eventpage/iscgem811616", "detail": "https://earthquake.usgs.gov/fdsnws/event/1/query?eventid=iscgem811616&format=geojson", "felt": null, "cdi": null, "mmi": 7.382, "alert": null, "status": "reviewed", "tsunami": 0, "sig": 711, "net": "iscgem", "code": "811616", "ids": ",iscgem811616,atlas19690328014831,", "sources": ",iscgem,atlas,", "types": ",origin,shakemap,trump-shakemap,", "nst": null, "dmin": null, "rms": null, "gap": null, "magType": "mw", "type": "earthquake", "title": "M 6.8 - 9 km WSW of Kula, Turkey" }, "geometry": { "type": "Point", "coordinates": [ 28.546, 38.515, 10.0 ] } },
{ "type": "Feature", "id": "iscgem811514", "properties": { "mag": 6.09, "place": "21 km NNE of Demirci, Turkey", "time": -24316707010, "updated": 1651011058145, "tz": null, "url": "https://earthquake.usgs.gov/earthquakes/eventpage/iscgem811514", "detail": "https://earthquake.usgs.gov/fdsnws/event/1/query?eventid=iscgem811514&format=geojson", "felt": null, "cdi": null, "mmi": 6.704, "alert": null, "status": "reviewed", "tsunami": 0, "sig": 571, "net": "iscgem", "code": "811514", "ids": ",iscgem811514,", "sources": ",iscgem,", "types": ",origin,shakemap,", "nst": null, "dmin": null, "rms": null, "gap": null, "magType": "mw", "type": "earthquake", "title": "M 6.1 - 21 km NNE of Demirci, Turkey" }, "geometry": { "type": "Point", "coordinates": [ 28.714, 39.237, 15.0 ] } },
{ "type": "Feature", "id": "iscgem813187", "properties": { "mag": 6.4, "place": "30 km SW of Kalkan, Turkey", "time": -30329271730, "updated": 1651011218865, "tz": null, "url": "https://earthquake.usgs.gov/earthquakes/eventpage/iscgem813187", "detail": "https://earthquake.usgs.gov/fdsnws/event/1/query?eventid=iscgem813187&format=geojson", "felt": null, "cdi": null, "mmi": 5.875, "alert": null, "status": "reviewed", "tsunami": 0, "sig": 630, "net": "iscgem", "code": "813187", "ids": ",iscgem813187,atlas19690114231209,", "sources": ",iscgem,atlas,", "types": ",origin,shakemap,trump-shakemap,", "nst": null, "dmin": null, "rms": null, "gap": null, "magType": "mw", "type": "earthquake", "title": "M 6.4 - 30 km SW of Kalkan, Turkey" }, "geometry": { "type": "Point", "coordinates": [ 29.221, 36.043, 25.0 ] } },
{ "type": "Feature", "id": "iscgem816634", "properties": { "mag": 6.33, "place": "14 km NNE of Amasra, Turkey", "time": -41874003170, "updated": 1651011613552, "tz": null, "url": "https://earthquake.usgs.gov/earthquakes/eventpage/iscgem816634", "detail": "https://earthquake.usgs.gov/fdsnws/event/1/query?eventid=iscgem816634&format=geojson", "felt": null, "cdi": null, "mmi": 6.858, "alert": null, "status": "reviewed", "tsunami": 0, "sig": 616, "net": "iscgem", "code": "816634", "ids": ",iscgem816634,atlas19680903081953,", "sources": ",iscgem,atlas,", "types": ",origin,shakemap,trump-shakemap,", "nst": null, "dmin": null, "rms": null, "gap": null, "magType": "mw", "type": "earthquake", "title": "M 6.3 - 14 km NNE of Amasra, Turkey" }, "geometry": { "type": "Point", "coordinates": [ 32.463, 41.86, 20.0 ] } },
{ "type": "Feature", "id": "iscgem833748", "properties": { "mag": 6.2, "place": "16 km NNW of Yedisu, Turkey", "time": -76828017390, "updated": 1651013463817, "tz": null, "url": "https://earthquake.usgs.gov/earthquakes/eventpage/iscgem833748", "detail": "https://earthquake.usgs.gov/fdsnws/event/1/query?eventid=iscgem833748&format=geojson", "felt": null, "cdi": null, "mmi": 6.666, "alert": null, "status": "reviewed", "tsunami": 0, "sig": 591, "net": "iscgem", "code": "833748", "ids": ",iscgem833748,atlas19670726185259,", "sources": ",iscgem,atlas,", "types": ",origin,shakemap,trump-shakemap,", "nst": null, "dmin": null, "rms": null, "gap": null, "magType": "mw", "type": "earthquake", "title": "M 6.2 - 16 km NNW of Yedisu, Turkey" }, "geometry": { "type": "Point", "coordinates": [ 40.445, 39.568, 20.0 ] } },
{ "type": "Feature", "id": "iscgem833573", "properties": { "mag": 7.29, "place": "6 km SE of Hendek, Turkey", "time": -77180579300, "updated": 1651013438364, "tz": null, "url": "https://earthquake.usgs.gov/earthquakes/eventpage/iscgem833573", "detail": "https://earthquake.usgs.gov/fdsnws/event/1/query?eventid=iscgem833573&format=geojson", "felt": null, "cdi": null, "mmi": 8.607, "alert": null, "status": "reviewed", "tsunami": 0, "sig": 818, "net": "iscgem", "code": "833573", "ids": ",atlas19670722165655,iscgem833573,", "sources": ",atlas,iscgem,", "types": ",origin,shakemap,trump-shakemap,", "nst": null, "dmin": null, "rms": null, "gap": null, "magType": "mw", "type": "earthquake", "title": "M 7.3 - 6 km SE of Hendek, Turkey" }, "geometry": { "type": "Point", "coordinates": [ 30.8, 40.751, 30.0 ] } },
{ "type": "Feature", "id": "iscgem844740", "properties": { "mag": 6.23, "place": "18 km NNE of Karl?ova, Turkey", "time": -106228846030, "updated": 1651014779479, "tz": null, "url": "https://earthquake.usgs.gov/earthquakes/eventpage/iscgem844740", "detail": "https://earthquake.usgs.gov/fdsnws/event/1/query?eventid=iscgem844740&format=geojson", "felt": null, "cdi": null, "mmi": 6.65, "alert": null, "status": "reviewed", "tsunami": 0, "sig": 597, "net": "iscgem", "code": "844740", "ids": ",iscgem844740,", "sources": ",iscgem,", "types": ",origin,shakemap,", "nst": null, "dmin": null, "rms": null, "gap": null, "magType": "mw", "type": "earthquake", "title": "M 6.2 - 18 km NNE of Karl?ova, Turkey" }, "geometry": { "type": "Point", "coordinates": [ 41.094, 39.438, 25.0 ] } },
{ "type": "Feature", "id": "iscgem844692", "properties": { "mag": 6.8, "place": "12 km ENE of Varto, Turkey", "time": -106313867280, "updated": 1651014752858, "tz": null, "url": "https://earthquake.usgs.gov/earthquakes/eventpage/iscgem844692", "detail": "https://earthquake.usgs.gov/fdsnws/event/1/query?eventid=iscgem844692&format=geojson", "felt": null, "cdi": null, "mmi": 8.399, "alert": null, "status": "reviewed", "tsunami": 0, "sig": 711, "net": "iscgem", "code": "844692", "ids": ",atlas19660819122210,iscgem844692,", "sources": ",atlas,iscgem,", "types": ",origin,shakemap,trump-shakemap,", "nst": null, "dmin": null, "rms": null, "gap": null, "magType": "mw", "type": "earthquake", "title": "M 6.8 - 12 km ENE of Varto, Turkey" }, "geometry": { "type": "Point", "coordinates": [ 41.572, 39.235, 24.7 ] } },
{ "type": "Feature", "id": "iscgem863310", "properties": { "mag": 6.8, "place": "13 km W of Karacabey, Turkey", "time": -165230914620, "updated": 1651017312130, "tz": null, "url": "https://earthquake.usgs.gov/earthquakes/eventpage/iscgem863310", "detail": "https://earthquake.usgs.gov/fdsnws/event/1/query?eventid=iscgem863310&format=geojson", "felt": null, "cdi": null, "mmi": 7.434, "alert": null, "status": "reviewed", "tsunami": 0, "sig": 711, "net": "iscgem", "code": "863310", "ids": ",iscgem863310,atlas19641006143123,", "sources": ",iscgem,atlas,", "types": ",origin,shakemap,trump-shakemap,", "nst": null, "dmin": null, "rms": null, "gap": null, "magType": "mw", "type": "earthquake", "title": "M 6.8 - 13 km W of Karacabey, Turkey" }, "geometry": { "type": "Point", "coordinates": [ 28.206, 40.203, 27.4 ] } },
{ "type": "Feature", "id": "iscgem873085", "properties": { "mag": 6.14, "place": "4 km N of Koruköy, Turkey", "time": -198399705160, "updated": 1651019243880, "tz": null, "url": "https://earthquake.usgs.gov/earthquakes/eventpage/iscgem873085", "detail": "https://earthquake.usgs.gov/fdsnws/event/1/query?eventid=iscgem873085&format=geojson", "felt": null, "cdi": null, "mmi": 6.463, "alert": null, "status": "reviewed", "tsunami": 0, "sig": 580, "net": "iscgem", "code": "873085", "ids": ",iscgem873085,", "sources": ",iscgem,", "types": ",origin,shakemap,", "nst": null, "dmin": null, "rms": null, "gap": null, "magType": "mw", "type": "earthquake", "title": "M 6.1 - 4 km N of Koruköy, Turkey" }, "geometry": { "type": "Point", "coordinates": [ 29.159, 40.698, 30.0 ] } },
{ "type": "Feature", "id": "iscgem17290377", "properties": { "mag": 6.4, "place": "10 km WSW of Sarigerme, Turkey", "time": -271718080960, "updated": 1650989114836, "tz": null, "url": "https://earthquake.usgs.gov/earthquakes/eventpage/iscgem17290377", "detail": "https://earthquake.usgs.gov/fdsnws/event/1/query?eventid=iscgem17290377&format=geojson", "felt": null, "cdi": null, "mmi": 6.385, "alert": null, "status": "reviewed", "tsunami": 0, "sig": 630, "net": "iscgem", "code": "17290377", "ids": ",iscgem17290377,", "sources": ",iscgem,", "types": ",origin,shakemap,", "nst": null, "dmin": null, "rms": null, "gap": null, "magType": "mw", "type": "earthquake", "title": "M 6.4 - 10 km WSW of Sarigerme, Turkey" }, "geometry": { "type": "Point", "coordinates": [ 28.594, 36.693, 35.0 ] } },
{ "type": "Feature", "id": "iscgem886606", "properties": { "mag": 6.02, "place": "21 km ESE of Akyaz?, Turkey", "time": -397664601640, "updated": 1650993156378, "tz": null, "url": "https://earthquake.usgs.gov/earthquakes/eventpage/iscgem886606", "detail": "https://earthquake.usgs.gov/fdsnws/event/1/query?eventid=iscgem886606&format=geojson", "felt": null, "cdi": null, "mmi": 6.861, "alert": null, "status": "reviewed", "tsunami": 0, "sig": 558, "net": "iscgem", "code": "886606", "ids": ",iscgem886606,", "sources": ",iscgem,", "types": ",origin,shakemap,", "nst": null, "dmin": null, "rms": null, "gap": null, "magType": "mw", "type": "earthquake", "title": "M 6.0 - 21 km ESE of Akyaz?, Turkey" }, "geometry": { "type": "Point", "coordinates": [ 30.86, 40.62, 15.0 ] } },
{ "type": "Feature", "id": "iscgem886602", "properties": { "mag": 7.09, "place": "13 km SSW of Düzce, Turkey", "time": -397675582050, "updated": 1650993140437, "tz": null, "url": "https://earthquake.usgs.gov/earthquakes/eventpage/iscgem886602", "detail": "https://earthquake.usgs.gov/fdsnws/event/1/query?eventid=iscgem886602&format=geojson", "felt": null, "cdi": null, "mmi": 7.518, "alert": null, "status": "reviewed", "tsunami": 0, "sig": 773, "net": "iscgem", "code": "886602", "ids": ",iscgem886602,", "sources": ",iscgem,", "types": ",origin,shakemap,", "nst": null, "dmin": null, "rms": null, "gap": null, "magType": "mw", "type": "earthquake", "title": "M 7.1 - 13 km SSW of Düzce, Turkey" }, "geometry": { "type": "Point", "coordinates": [ 31.09, 40.73, 25.0 ] } },
{ "type": "Feature", "id": "iscgem886448", "properties": { "mag": 7.3, "place": "34 km S of Sarigerme, Turkey", "time": -400368858840, "updated": 1650993097992, "tz": null, "url": "https://earthquake.usgs.gov/earthquakes/eventpage/iscgem886448", "detail": "https://earthquake.usgs.gov/fdsnws/event/1/query?eventid=iscgem886448&format=geojson", "felt": null, "cdi": null, "mmi": 6.648, "alert": null, "status": "reviewed", "tsunami": 0, "sig": 820, "net": "iscgem", "code": "886448", "ids": ",iscgem886448,", "sources": ",iscgem,", "types": ",origin,shakemap,", "nst": null, "dmin": null, "rms": null, "gap": null, "magType": "mw", "type": "earthquake", "title": "M 7.3 - 34 km S of Sarigerme, Turkey" }, "geometry": { "type": "Point", "coordinates": [ 28.699, 36.405, 35.0 ] } },
{ "type": "Feature", "id": "iscgem886445", "properties": { "mag": 7.1, "place": "27 km SSE of Sarigerme, Turkey", "time": -400394986130, "updated": 1650993096773, "tz": null, "url": "https://earthquake.usgs.gov/earthquakes/eventpage/iscgem886445", "detail": "https://earthquake.usgs.gov/fdsnws/event/1/query?eventid=iscgem886445&format=geojson", "felt": null, "cdi": null, "mmi": 6.773, "alert": null, "status": "reviewed", "tsunami": 0, "sig": 776, "net": "iscgem", "code": "886445", "ids": ",iscgem886445,", "sources": ",iscgem,", "types": ",origin,shakemap,", "nst": null, "dmin": null, "rms": null, "gap": null, "magType": "mw", "type": "earthquake", "title": "M 7.1 - 27 km SSE of Sarigerme, Turkey" }, "geometry": { "type": "Point", "coordinates": [ 28.829, 36.493, 35.0 ] } },
{ "type": "Feature", "id": "iscgem887994", "properties": { "mag": 6.23, "place": "12 km N of Eski?ehir, Turkey", "time": -437455698900, "updated": 1650993764360, "tz": null, "url": "https://earthquake.usgs.gov/earthquakes/eventpage/iscgem887994", "detail": "https://earthquake.usgs.gov/fdsnws/event/1/query?eventid=iscgem887994&format=geojson", "felt": null, "cdi": null, "mmi": 6.651, "alert": null, "status": "reviewed", "tsunami": 0, "sig": 597, "net": "iscgem", "code": "887994", "ids": ",iscgem887994,", "sources": ",iscgem,", "types": ",origin,shakemap,", "nst": null, "dmin": null, "rms": null, "gap": null, "magType": "mw", "type": "earthquake", "title": "M 6.2 - 12 km N of Eski?ehir, Turkey" }, "geometry": { "type": "Point", "coordinates": [ 30.543, 39.891, 15.0 ] } },
{ "type": "Feature", "id": "iscgem889750", "properties": { "mag": 6.57, "place": "9 km NW of Sar?kemer, Turkey", "time": -456425565500, "updated": 1650994514267, "tz": null, "url": "https://earthquake.usgs.gov/earthquakes/eventpage/iscgem889750", "detail": "https://earthquake.usgs.gov/fdsnws/event/1/query?eventid=iscgem889750&format=geojson", "felt": null, "cdi": null, "mmi": 6.887, "alert": null, "status": "reviewed", "tsunami": 0, "sig": 664, "net": "iscgem", "code": "889750", "ids": ",iscgem889750,", "sources": ",iscgem,", "types": ",origin,shakemap,", "nst": null, "dmin": null, "rms": null, "gap": null, "magType": "mw", "type": "earthquake", "title": "M 6.6 - 9 km NW of Sar?kemer, Turkey" }, "geometry": { "type": "Point", "coordinates": [ 27.284, 37.617, 15.0 ] } },
{ "type": "Feature", "id": "iscgem891989", "properties": { "mag": 6.13, "place": "1 km N of Bayramören, Turkey", "time": -514929660370, "updated": 1650995703611, "tz": null, "url": "https://earthquake.usgs.gov/earthquakes/eventpage/iscgem891989", "detail": "https://earthquake.usgs.gov/fdsnws/event/1/query?eventid=iscgem891989&format=geojson", "felt": null, "cdi": null, "mmi": 7.034, "alert": null, "status": "reviewed", "tsunami": 0, "sig": 578, "net": "iscgem", "code": "891989", "ids": ",iscgem891989,", "sources": ",iscgem,", "types": ",origin,shakemap,", "nst": null, "dmin": null, "rms": null, "gap": null, "magType": "mw", "type": "earthquake", "title": "M 6.1 - 1 km N of Bayramören, Turkey" }, "geometry": { "type": "Point", "coordinates": [ 33.204, 40.956, 10.0 ] } },
{ "type": "Feature", "id": "iscgem891561", "properties": { "mag": 7.3, "place": "7 km N of Gönen, Turkey", "time": -529822422260, "updated": 1650995398321, "tz": null, "url": "https://earthquake.usgs.gov/earthquakes/eventpage/iscgem891561", "detail": "https://earthquake.usgs.gov/fdsnws/event/1/query?eventid=iscgem891561&format=geojson", "felt": null, "cdi": null, "mmi": 7.834, "alert": null, "status": "reviewed", "tsunami": 0, "sig": 820, "net": "iscgem", "code": "891561", "ids": ",iscgem891561,", "sources": ",iscgem,", "types": ",origin,shakemap,", "nst": null, "dmin": null, "rms": null, "gap": null, "magType": "mw", "type": "earthquake", "title": "M 7.3 - 7 km N of Gönen, Turkey" }, "geometry": { "type": "Point", "coordinates": [ 27.648, 40.175, 10.0 ] } },
{ "type": "Feature", "id": "iscgem894620", "properties": { "mag": 6.96, "place": "14 km S of Eflani, Turkey", "time": -580195581190, "updated": 1650997027968, "tz": null, "url": "https://earthquake.usgs.gov/earthquakes/eventpage/iscgem894620", "detail": "https://earthquake.usgs.gov/fdsnws/event/1/query?eventid=iscgem894620&format=geojson", "felt": null, "cdi": null, "mmi": 7.269, "alert": null, "status": "reviewed", "tsunami": 0, "sig": 745, "net": "iscgem", "code": "894620", "ids": ",iscgem894620,", "sources": ",iscgem,", "types": ",origin,shakemap,", "nst": null, "dmin": null, "rms": null, "gap": null, "magType": "mw", "type": "earthquake", "title": "M 7.0 - 14 km S of Eflani, Turkey" }, "geometry": { "type": "Point", "coordinates": [ 32.96, 41.289, 25.0 ] } },
{ "type": "Feature", "id": "iscgem896772", "properties": { "mag": 6.78, "place": "14 km ENE of Yedisu, Turkey", "time": -642921342050, "updated": 1650998244758, "tz": null, "url": "https://earthquake.usgs.gov/earthquakes/eventpage/iscgem896772", "detail": "https://earthquake.usgs.gov/fdsnws/event/1/query?eventid=iscgem896772&format=geojson", "felt": null, "cdi": null, "mmi": 7.237, "alert": null, "status": "reviewed", "tsunami": 0, "sig": 707, "net": "iscgem", "code": "896772", "ids": ",iscgem896772,", "sources": ",iscgem,", "types": ",origin,shakemap,", "nst": null, "dmin": null, "rms": null, "gap": null, "magType": "mw", "type": "earthquake", "title": "M 6.8 - 14 km ENE of Yedisu, Turkey" }, "geometry": { "type": "Point", "coordinates": [ 40.671, 39.503, 15.0 ] } },
{ "type": "Feature", "id": "iscgem896705", "properties": { "mag": 7.16, "place": "9 km NNW of Karaburun, Turkey", "time": -645094584520, "updated": 1650998227129, "tz": null, "url": "https://earthquake.usgs.gov/earthquakes/eventpage/iscgem896705", "detail": "https://earthquake.usgs.gov/fdsnws/event/1/query?eventid=iscgem896705&format=geojson", "felt": null, "cdi": null, "mmi": 6.679, "alert": null, "status": "reviewed", "tsunami": 0, "sig": 789, "net": "iscgem", "code": "896705", "ids": ",iscgem896705,", "sources": ",iscgem,", "types": ",origin,shakemap,", "nst": null, "dmin": null, "rms": null, "gap": null, "magType": "mw", "type": "earthquake", "title": "M 7.2 - 9 km NNW of Karaburun, Turkey" }, "geometry": { "type": "Point", "coordinates": [ 26.48, 38.718, 15.0 ] } },
{ "type": "Feature", "id": "iscgem899161", "properties": { "mag": 6.13, "place": "7 km S of Daday, Turkey", "time": -763120992800, "updated": 1650999803526, "tz": null, "url": "https://earthquake.usgs.gov/earthquakes/eventpage/iscgem899161", "detail": "https://earthquake.usgs.gov/fdsnws/event/1/query?eventid=iscgem899161&format=geojson", "felt": null, "cdi": null, "mmi": null, "alert": null, "status": "reviewed", "tsunami": 0, "sig": 578, "net": "iscgem", "code": "899161", "ids": ",iscgem899161,", "sources": ",iscgem,", "types": ",origin,", "nst": null, "dmin": null, "rms": null, "gap": null, "magType": "mw", "type": "earthquake", "title": "M 6.1 - 7 km S of Daday, Turkey" }, "geometry": { "type": "Point", "coordinates": [ 33.47, 41.407, 15.0 ] } },
{ "type": "Feature", "id": "iscgem898851", "properties": { "mag": 6.06, "place": "18 km E of ?mamo?lu, Turkey", "time": -782150467700, "updated": 1650999602963, "tz": null, "url": "https://earthquake.usgs.gov/earthquakes/eventpage/iscgem898851", "detail": "https://earthquake.usgs.gov/fdsnws/event/1/query?eventid=iscgem898851&format=geojson", "felt": null, "cdi": null, "mmi": null, "alert": null, "status": "reviewed", "tsunami": 0, "sig": 565, "net": "iscgem", "code": "898851", "ids": ",iscgem898851,", "sources": ",iscgem,", "types": ",origin,", "nst": null, "dmin": null, "rms": null, "gap": null, "magType": "mw", "type": "earthquake", "title": "M 6.1 - 18 km E of ?mamo?lu, Turkey" }, "geometry": { "type": "Point", "coordinates": [ 35.859, 37.244, 15.0 ] } },
{ "type": "Feature", "id": "iscgem899568", "properties": { "mag": 6.74, "place": "15 km WSW of Alt?noluk, Turkey", "time": -796425912370, "updated": 1651000093323, "tz": null, "url": "https://earthquake.usgs.gov/earthquakes/eventpage/iscgem899568", "detail": "https://earthquake.usgs.gov/fdsnws/event/1/query?eventid=iscgem899568&format=geojson", "felt": null, "cdi": null, "mmi": 6.841, "alert": null, "status": "reviewed", "tsunami": 0, "sig": 699, "net": "iscgem", "code": "899568", "ids": ",iscgem899568,", "sources": ",iscgem,", "types": ",origin,shakemap,", "nst": null, "dmin": null, "rms": null, "gap": null, "magType": "mw", "type": "earthquake", "title": "M 6.7 - 15 km WSW of Alt?noluk, Turkey" }, "geometry": { "type": "Point", "coordinates": [ 26.587, 39.509, 15.0 ] } },
{ "type": "Feature", "id": "iscgem899440", "properties": { "mag": 6.07, "place": "17 km SW of ?hsaniye, Turkey", "time": -805319023340, "updated": 1650999991674, "tz": null, "url": "https://earthquake.usgs.gov/earthquakes/eventpage/iscgem899440", "detail": "https://earthquake.usgs.gov/fdsnws/event/1/query?eventid=iscgem899440&format=geojson", "felt": null, "cdi": null, "mmi": null, "alert": null, "status": "reviewed", "tsunami": 0, "sig": 567, "net": "iscgem", "code": "899440", "ids": ",iscgem899440,", "sources": ",iscgem,", "types": ",origin,", "nst": null, "dmin": null, "rms": null, "gap": null, "magType": "mw", "type": "earthquake", "title": "M 6.1 - 17 km SW of ?hsaniye, Turkey" }, "geometry": { "type": "Point", "coordinates": [ 30.303, 38.901, 10.0 ] } },
{ "type": "Feature", "id": "iscgem899277", "properties": { "mag": 7.6, "place": "10 km WNW of Orta, Turkey", "time": -817850239170, "updated": 1650999914455, "tz": null, "url": "https://earthquake.usgs.gov/earthquakes/eventpage/iscgem899277", "detail": "https://earthquake.usgs.gov/fdsnws/event/1/query?eventid=iscgem899277&format=geojson", "felt": null, "cdi": null, "mmi": 7.433, "alert": null, "status": "reviewed", "tsunami": 0, "sig": 889, "net": "iscgem", "code": "899277", "ids": ",iscgem899277,", "sources": ",iscgem,", "types": ",origin,shakemap,", "nst": null, "dmin": null, "rms": null, "gap": null, "magType": "mw", "type": "earthquake", "title": "M 7.6 - 10 km WNW of Orta, Turkey" }, "geometry": { "type": "Point", "coordinates": [ 32.998, 40.66, 30.0 ] } },
{ "type": "Feature", "id": "iscgem900102", "properties": { "mag": 7.5, "place": "6 km SSE of Ilgaz, Turkey", "time": -823570751440, "updated": 1651000486525, "tz": null, "url": "https://earthquake.usgs.gov/earthquakes/eventpage/iscgem900102", "detail": "https://earthquake.usgs.gov/fdsnws/event/1/query?eventid=iscgem900102&format=geojson", "felt": null, "cdi": null, "mmi": 7.378, "alert": null, "status": "reviewed", "tsunami": 0, "sig": 865, "net": "iscgem", "code": "900102", "ids": ",iscgem900102,", "sources": ",iscgem,", "types": ",origin,shakemap,", "nst": null, "dmin": null, "rms": null, "gap": null, "magType": "mw", "type": "earthquake", "title": "M 7.5 - 6 km SSE of Ilgaz, Turkey" }, "geometry": { "type": "Point", "coordinates": [ 33.651, 40.867, 20.0 ] } },
{ "type": "Feature", "id": "iscgem899896", "properties": { "mag": 6.44, "place": "11 km NNE of Tarakl?, Turkey", "time": -837332826610, "updated": 1651000340905, "tz": null, "url": "https://earthquake.usgs.gov/earthquakes/eventpage/iscgem899896", "detail": "https://earthquake.usgs.gov/fdsnws/event/1/query?eventid=iscgem899896&format=geojson", "felt": null, "cdi": null, "mmi": null, "alert": null, "status": "reviewed", "tsunami": 0, "sig": 638, "net": "iscgem", "code": "899896", "ids": ",iscgem899896,", "sources": ",iscgem,", "types": ",origin,", "nst": null, "dmin": null, "rms": null, "gap": null, "magType": "mw", "type": "earthquake", "title": "M 6.4 - 11 km NNE of Tarakl?, Turkey" }, "geometry": { "type": "Point", "coordinates": [ 30.525, 40.5, 15.0 ] } },
{ "type": "Feature", "id": "iscgem900592", "properties": { "mag": 7.0, "place": "13 km SE of Ayvac?k, Turkey", "time": -853063010940, "updated": 1651001000878, "tz": null, "url": "https://earthquake.usgs.gov/earthquakes/eventpage/iscgem900592", "detail": "https://earthquake.usgs.gov/fdsnws/event/1/query?eventid=iscgem900592&format=geojson", "felt": null, "cdi": null, "mmi": 7.235, "alert": null, "status": "reviewed", "tsunami": 0, "sig": 754, "net": "iscgem", "code": "900592", "ids": ",iscgem900592,", "sources": ",iscgem,", "types": ",origin,shakemap,", "nst": null, "dmin": null, "rms": null, "gap": null, "magType": "mw", "type": "earthquake", "title": "M 7.0 - 13 km SE of Ayvac?k, Turkey" }, "geometry": { "type": "Point", "coordinates": [ 36.744, 40.907, 10.0 ] } },
{ "type": "Feature", "id": "iscgem900580", "properties": { "mag": 6.0, "place": "13 km WNW of Gümü?hac?köy, Turkey", "time": -853881643530, "updated": 1651000986140, "tz": null, "url": "https://earthquake.usgs.gov/earthquakes/eventpage/iscgem900580", "detail": "https://earthquake.usgs.gov/fdsnws/event/1/query?eventid=iscgem900580&format=geojson", "felt": null, "cdi": null, "mmi": null, "alert": null, "status": "reviewed", "tsunami": 0, "sig": 554, "net": "iscgem", "code": "900580", "ids": ",iscgem900580,", "sources": ",iscgem,", "types": ",origin,", "nst": null, "dmin": null, "rms": null, "gap": null, "magType": "mw", "type": "earthquake", "title": "M 6.0 - 13 km WNW of Gümü?hac?köy, Turkey" }, "geometry": { "type": "Point", "coordinates": [ 35.08, 40.941, 15.0 ] } },
{ "type": "Feature", "id": "iscgem900552", "properties": { "mag": 6.17, "place": "31 km NNW of Simav, Turkey", "time": -856076319150, "updated": 1651000945079, "tz": null, "url": "https://earthquake.usgs.gov/earthquakes/eventpage/iscgem900552", "detail": "https://earthquake.usgs.gov/fdsnws/event/1/query?eventid=iscgem900552&format=geojson", "felt": null, "cdi": null, "mmi": null, "alert": null, "status": "reviewed", "tsunami": 0, "sig": 586, "net": "iscgem", "code": "900552", "ids": ",iscgem900552,", "sources": ",iscgem,", "types": ",origin,", "nst": null, "dmin": null, "rms": null, "gap": null, "magType": "mw", "type": "earthquake", "title": "M 6.2 - 31 km NNW of Simav, Turkey" }, "geometry": { "type": "Point", "coordinates": [ 28.886, 39.364, 15.0 ] } },
{ "type": "Feature", "id": "iscgem901072", "properties": { "mag": 6.04, "place": "4 km NNE of Erzincan, Turkey", "time": -887896505210, "updated": 1651001497362, "tz": null, "url": "https://earthquake.usgs.gov/earthquakes/eventpage/iscgem901072", "detail": "https://earthquake.usgs.gov/fdsnws/event/1/query?eventid=iscgem901072&format=geojson", "felt": null, "cdi": null, "mmi": null, "alert": null, "status": "reviewed", "tsunami": 0, "sig": 561, "net": "iscgem", "code": "901072", "ids": ",iscgem901072,", "sources": ",iscgem,", "types": ",origin,", "nst": null, "dmin": null, "rms": null, "gap": null, "magType": "mw", "type": "earthquake", "title": "M 6.0 - 4 km NNE of Erzincan, Turkey" }, "geometry": { "type": "Point", "coordinates": [ 39.506, 39.782, 15.0 ] } },
{ "type": "Feature", "id": "iscgem900820", "properties": { "mag": 6.02, "place": "12 km NNE of Marmaris, Turkey", "time": -902808485150, "updated": 1651001227293, "tz": null, "url": "https://earthquake.usgs.gov/earthquakes/eventpage/iscgem900820", "detail": "https://earthquake.usgs.gov/fdsnws/event/1/query?eventid=iscgem900820&format=geojson", "felt": null, "cdi": null, "mmi": null, "alert": null, "status": "reviewed", "tsunami": 0, "sig": 558, "net": "iscgem", "code": "900820", "ids": ",iscgem900820,", "sources": ",iscgem,", "types": ",origin,", "nst": null, "dmin": null, "rms": null, "gap": null, "magType": "mw", "type": "earthquake", "title": "M 6.0 - 12 km NNE of Marmaris, Turkey" }, "geometry": { "type": "Point", "coordinates": [ 28.344, 36.956, 15.0 ] } },
{ "type": "Feature", "id": "iscgem901508", "properties": { "mag": 6.21, "place": "15 km N of Saraykent, Turkey", "time": -928540068720, "updated": 1651001779085, "tz": null, "url": "https://earthquake.usgs.gov/earthquakes/eventpage/iscgem901508", "detail": "https://earthquake.usgs.gov/fdsnws/event/1/query?eventid=iscgem901508&format=geojson", "felt": null, "cdi": null, "mmi": null, "alert": null, "status": "reviewed", "tsunami": 0, "sig": 593, "net": "iscgem", "code": "901508", "ids": ",iscgem901508,", "sources": ",iscgem,", "types": ",origin,", "nst": null, "dmin": null, "rms": null, "gap": null, "magType": "mw", "type": "earthquake", "title": "M 6.2 - 15 km N of Saraykent, Turkey" }, "geometry": { "type": "Point", "coordinates": [ 35.476, 39.833, 15.0 ] } },
{ "type": "Feature", "id": "iscgem902291", "properties": { "mag": 7.8, "place": "20 km NNE of Erzincan, Turkey", "time": -947203356180, "updated": 1650919893901, "tz": null, "url": "https://earthquake.usgs.gov/earthquakes/eventpage/iscgem902291", "detail": "https://earthquake.usgs.gov/fdsnws/event/1/query?eventid=iscgem902291&format=geojson", "felt": null, "cdi": null, "mmi": 7.907, "alert": null, "status": "reviewed", "tsunami": 0, "sig": 936, "net": "iscgem", "code": "902291", "ids": ",iscgem902291,", "sources": ",iscgem,", "types": ",impact-text,origin,shakemap,", "nst": null, "dmin": null, "rms": null, "gap": null, "magType": "mw", "type": "earthquake", "title": "M 7.8 - 20 km NNE of Erzincan, Turkey" }, "geometry": { "type": "Point", "coordinates": [ 39.586, 39.907, 20.0 ] } },
{ "type": "Feature", "id": "iscgem902170", "properties": { "mag": 6.49, "place": "9 km NNW of Bergama, Turkey", "time": -955495398360, "updated": 1650919790664, "tz": null, "url": "https://earthquake.usgs.gov/earthquakes/eventpage/iscgem902170", "detail": "https://earthquake.usgs.gov/fdsnws/event/1/query?eventid=iscgem902170&format=geojson", "felt": null, "cdi": null, "mmi": 6.379, "alert": null, "status": "reviewed", "tsunami": 0, "sig": 648, "net": "iscgem", "code": "902170", "ids": ",iscgem902170,", "sources": ",iscgem,", "types": ",origin,shakemap,", "nst": null, "dmin": null, "rms": null, "gap": null, "magType": "mw", "type": "earthquake", "title": "M 6.5 - 9 km NNW of Bergama, Turkey" }, "geometry": { "type": "Point", "coordinates": [ 27.142, 39.204, 35.0 ] } },
{ "type": "Feature", "id": "iscgem902444", "properties": { "mag": 6.62, "place": "26 km NE of Kaman, Turkey", "time": -1000472438600, "updated": 1650920030532, "tz": null, "url": "https://earthquake.usgs.gov/earthquakes/eventpage/iscgem902444", "detail": "https://earthquake.usgs.gov/fdsnws/event/1/query?eventid=iscgem902444&format=geojson", "felt": null, "cdi": null, "mmi": 7.508, "alert": null, "status": "reviewed", "tsunami": 0, "sig": 674, "net": "iscgem", "code": "902444", "ids": ",iscgem902444,", "sources": ",iscgem,", "types": ",origin,shakemap,", "nst": null, "dmin": null, "rms": null, "gap": null, "magType": "mw", "type": "earthquake", "title": "M 6.6 - 26 km NE of Kaman, Turkey" }, "geometry": { "type": "Point", "coordinates": [ 33.911, 39.544, 10.0 ] } },
{ "type": "Feature", "id": "iscgem904257", "properties": { "mag": 6.05, "place": "28 km E of Kars, Turkey", "time": -1094132115530, "updated": 1650922363782, "tz": null, "url": "https://earthquake.usgs.gov/earthquakes/eventpage/iscgem904257", "detail": "https://earthquake.usgs.gov/fdsnws/event/1/query?eventid=iscgem904257&format=geojson", "felt": null, "cdi": null, "mmi": null, "alert": null, "status": "reviewed", "tsunami": 0, "sig": 563, "net": "iscgem", "code": "904257", "ids": ",iscgem904257,", "sources": ",iscgem,", "types": ",origin,", "nst": null, "dmin": null, "rms": null, "gap": null, "magType": "mw", "type": "earthquake", "title": "M 6.1 - 28 km E of Kars, Turkey" }, "geometry": { "type": "Point", "coordinates": [ 43.415, 40.566, 10.0 ] } },
{ "type": "Feature", "id": "iscgem904023", "properties": { "mag": 6.01, "place": "8 km N of Marmara, Turkey", "time": -1104219593020, "updated": 1650922257749, "tz": null, "url": "https://earthquake.usgs.gov/earthquakes/eventpage/iscgem904023", "detail": "https://earthquake.usgs.gov/fdsnws/event/1/query?eventid=iscgem904023&format=geojson", "felt": null, "cdi": null, "mmi": 7.015, "alert": null, "status": "reviewed", "tsunami": 0, "sig": 556, "net": "iscgem", "code": "904023", "ids": ",iscgem904023,", "sources": ",iscgem,", "types": ",origin,shakemap,", "nst": null, "dmin": null, "rms": null, "gap": null, "magType": "mw", "type": "earthquake", "title": "M 6.0 - 8 km N of Marmara, Turkey" }, "geometry": { "type": "Point", "coordinates": [ 27.555, 40.664, 10.0 ] } },
{ "type": "Feature", "id": "iscgem904020", "properties": { "mag": 6.34, "place": "9 km WNW of Marmara, Turkey", "time": -1104225509190, "updated": 1650922256542, "tz": null, "url": "https://earthquake.usgs.gov/earthquakes/eventpage/iscgem904020", "detail": "https://earthquake.usgs.gov/fdsnws/event/1/query?eventid=iscgem904020&format=geojson", "felt": null, "cdi": null, "mmi": 6.962, "alert": null, "status": "reviewed", "tsunami": 0, "sig": 618, "net": "iscgem", "code": "904020", "ids": ",iscgem904020,", "sources": ",iscgem,", "types": ",origin,shakemap,", "nst": null, "dmin": null, "rms": null, "gap": null, "magType": "mw", "type": "earthquake", "title": "M 6.3 - 9 km WNW of Marmara, Turkey" }, "geometry": { "type": "Point", "coordinates": [ 27.451, 40.62, 15.0 ] } },
{ "type": "Feature", "id": "iscgem905269", "properties": { "mag": 6.0, "place": "12 km WNW of Alt?nkum, Turkey", "time": -1108831245260, "updated": 1650923391122, "tz": null, "url": "https://earthquake.usgs.gov/earthquakes/eventpage/iscgem905269", "detail": "https://earthquake.usgs.gov/fdsnws/event/1/query?eventid=iscgem905269&format=geojson", "felt": null, "cdi": null, "mmi": null, "alert": null, "status": "reviewed", "tsunami": 0, "sig": 554, "net": "iscgem", "code": "905269", "ids": ",iscgem905269,", "sources": ",iscgem,", "types": ",origin,", "nst": null, "dmin": null, "rms": null, "gap": null, "magType": "mw", "type": "earthquake", "title": "M 6.0 - 12 km WNW of Alt?nkum, Turkey" }, "geometry": { "type": "Point", "coordinates": [ 40.934, 38.302, 15.0 ] } },
{ "type": "Feature", "id": "iscgem905533", "properties": { "mag": 6.43, "place": "14 km E of Kardámaina, Greece", "time": -1157911345030, "updated": 1650923638956, "tz": null, "url": "https://earthquake.usgs.gov/earthquakes/eventpage/iscgem905533", "detail": "https://earthquake.usgs.gov/fdsnws/event/1/query?eventid=iscgem905533&format=geojson", "felt": null, "cdi": null, "mmi": 6.647, "alert": null, "status": "reviewed", "tsunami": 0, "sig": 636, "net": "iscgem", "code": "905533", "ids": ",iscgem905533,", "sources": ",iscgem,", "types": ",origin,shakemap,", "nst": null, "dmin": null, "rms": null, "gap": null, "magType": "mw", "type": "earthquake", "title": "M 6.4 - 14 km E of Kardámaina, Greece" }, "geometry": { "type": "Point", "coordinates": [ 27.299, 36.759, 15.0 ] } },
{ "type": "Feature", "id": "iscgem907584", "properties": { "mag": 6.02, "place": "23 km W of ?brad?, Turkey", "time": -1240399396700, "updated": 1650925928004, "tz": null, "url": "https://earthquake.usgs.gov/earthquakes/eventpage/iscgem907584", "detail": "https://earthquake.usgs.gov/fdsnws/event/1/query?eventid=iscgem907584&format=geojson", "felt": null, "cdi": null, "mmi": null, "alert": null, "status": "reviewed", "tsunami": 0, "sig": 558, "net": "iscgem", "code": "907584", "ids": ",iscgem907584,", "sources": ",iscgem,", "types": ",origin,", "nst": null, "dmin": null, "rms": null, "gap": null, "magType": "mw", "type": "earthquake", "title": "M 6.0 - 23 km W of ?brad?, Turkey" }, "geometry": { "type": "Point", "coordinates": [ 31.342, 37.062, 15.0 ] } },
{ "type": "Feature", "id": "iscgem907371", "properties": { "mag": 6.21, "place": "13 km SE of Khowy, Iran", "time": -1251275072230, "updated": 1650925684647, "tz": null, "url": "https://earthquake.usgs.gov/earthquakes/eventpage/iscgem907371", "detail": "https://earthquake.usgs.gov/fdsnws/event/1/query?eventid=iscgem907371&format=geojson", "felt": null, "cdi": null, "mmi": null, "alert": null, "status": "reviewed", "tsunami": 0, "sig": 593, "net": "iscgem", "code": "907371", "ids": ",iscgem907371,", "sources": ",iscgem,", "types": ",origin,", "nst": null, "dmin": null, "rms": null, "gap": null, "magType": "mw", "type": "earthquake", "title": "M 6.2 - 13 km SE of Khowy, Iran" }, "geometry": { "type": "Point", "coordinates": [ 45.058, 38.46, 15.0 ] } },
{ "type": "Feature", "id": "iscgem907354", "properties": { "mag": 7.1, "place": "10 km SSW of Salm?s, Iran", "time": -1251422732650, "updated": 1650925679791, "tz": null, "url": "https://earthquake.usgs.gov/earthquakes/eventpage/iscgem907354", "detail": "https://earthquake.usgs.gov/fdsnws/event/1/query?eventid=iscgem907354&format=geojson", "felt": null, "cdi": null, "mmi": 7.57, "alert": null, "status": "reviewed", "tsunami": 0, "sig": 776, "net": "iscgem", "code": "907354", "ids": ",iscgem907354,", "sources": ",iscgem,", "types": ",origin,shakemap,", "nst": null, "dmin": null, "rms": null, "gap": null, "magType": "mw", "type": "earthquake", "title": "M 7.1 - 10 km SSW of Salm?s, Iran" }, "geometry": { "type": "Point", "coordinates": [ 44.727, 38.108, 15.0 ] } },
{ "type": "Feature", "id": "iscgem908082", "properties": { "mag": 6.28, "place": "11 km N of Su?ehri, Turkey", "time": -1281979324450, "updated": 1650926395953, "tz": null, "url": "https://earthquake.usgs.gov/earthquakes/eventpage/iscgem908082", "detail": "https://earthquake.usgs.gov/fdsnws/event/1/query?eventid=iscgem908082&format=geojson", "felt": null, "cdi": null, "mmi": null, "alert": null, "status": "reviewed", "tsunami": 0, "sig": 607, "net": "iscgem", "code": "908082", "ids": ",iscgem908082,", "sources": ",iscgem,", "types": ",origin,", "nst": null, "dmin": null, "rms": null, "gap": null, "magType": "mw", "type": "earthquake", "title": "M 6.3 - 11 km N of Su?ehri, Turkey" }, "geometry": { "type": "Point", "coordinates": [ 38.096, 40.266, 15.0 ] } },
{ "type": "Feature", "id": "iscgem908659", "properties": { "mag": 6.23, "place": "23 km SE of Yenice, Turkey", "time": -1314842727560, "updated": 1650927128235, "tz": null, "url": "https://earthquake.usgs.gov/earthquakes/eventpage/iscgem908659", "detail": "https://earthquake.usgs.gov/fdsnws/event/1/query?eventid=iscgem908659&format=geojson", "felt": null, "cdi": null, "mmi": null, "alert": null, "status": "reviewed", "tsunami": 0, "sig": 597, "net": "iscgem", "code": "908659", "ids": ",iscgem908659,", "sources": ",iscgem,", "types": ",origin,", "nst": null, "dmin": null, "rms": null, "gap": null, "magType": "mw", "type": "earthquake", "title": "M 6.2 - 23 km SE of Yenice, Turkey" }, "geometry": { "type": "Point", "coordinates": [ 29.121, 39.627, 15.0 ] } },
{ "type": "Feature", "id": "iscgem908579", "properties": { "mag": 6.39, "place": "13 km WNW of Bay?nd?r, Turkey", "time": -1317684609130, "updated": 1650927043680, "tz": null, "url": "https://earthquake.usgs.gov/earthquakes/eventpage/iscgem908579", "detail": "https://earthquake.usgs.gov/fdsnws/event/1/query?eventid=iscgem908579&format=geojson", "felt": null, "cdi": null, "mmi": 7.284, "alert": null, "status": "reviewed", "tsunami": 0, "sig": 628, "net": "iscgem", "code": "908579", "ids": ",iscgem908579,", "sources": ",iscgem,", "types": ",origin,shakemap,", "nst": null, "dmin": null, "rms": null, "gap": null, "magType": "mw", "type": "earthquake", "title": "M 6.4 - 13 km WNW of Bay?nd?r, Turkey" }, "geometry": { "type": "Point", "coordinates": [ 27.511, 38.274, 10.0 ] } },
{ "type": "Feature", "id": "iscgem909771", "properties": { "mag": 6.75, "place": "15 km SSW of Ka?, Turkey", "time": -1381917224620, "updated": 1650928487586, "tz": null, "url": "https://earthquake.usgs.gov/earthquakes/eventpage/iscgem909771", "detail": "https://earthquake.usgs.gov/fdsnws/event/1/query?eventid=iscgem909771&format=geojson", "felt": null, "cdi": null, "mmi": 6.486, "alert": null, "status": "reviewed", "tsunami": 0, "sig": 701, "net": "iscgem", "code": "909771", "ids": ",iscgem909771,", "sources": ",iscgem,", "types": ",origin,shakemap,", "nst": null, "dmin": null, "rms": null, "gap": null, "magType": "mw", "type": "earthquake", "title": "M 6.8 - 15 km SSW of Ka?, Turkey" }, "geometry": { "type": "Point", "coordinates": [ 29.596, 36.065, 15.0 ] } },
{ "type": "Feature", "id": "iscgem911202", "properties": { "mag": 6.1, "place": "26 km WNW of Yalvaç, Turkey", "time": -1423625535950, "updated": 1650929652719, "tz": null, "url": "https://earthquake.usgs.gov/earthquakes/eventpage/iscgem911202", "detail": "https://earthquake.usgs.gov/fdsnws/event/1/query?eventid=iscgem911202&format=geojson", "felt": null, "cdi": null, "mmi": null, "alert": null, "status": "reviewed", "tsunami": 0, "sig": 572, "net": "iscgem", "code": "911202", "ids": ",iscgem911202,", "sources": ",iscgem,", "types": ",origin,", "nst": null, "dmin": null, "rms": null, "gap": null, "magType": "mw", "type": "earthquake", "title": "M 6.1 - 26 km WNW of Yalvaç, Turkey" }, "geometry": { "type": "Point", "coordinates": [ 30.892, 38.364, 15.0 ] } },
{ "type": "Feature", "id": "iscgem911110", "properties": { "mag": 6.86, "place": "18 km ESE of Pasinler, Turkey", "time": -1429521943370, "updated": 1650929596551, "tz": null, "url": "https://earthquake.usgs.gov/earthquakes/eventpage/iscgem911110", "detail": "https://earthquake.usgs.gov/fdsnws/event/1/query?eventid=iscgem911110&format=geojson", "felt": null, "cdi": null, "mmi": 7.428, "alert": null, "status": "reviewed", "tsunami": 0, "sig": 724, "net": "iscgem", "code": "911110", "ids": ",iscgem911110,", "sources": ",iscgem,", "types": ",origin,shakemap,", "nst": null, "dmin": null, "rms": null, "gap": null, "magType": "mw", "type": "earthquake", "title": "M 6.9 - 18 km ESE of Pasinler, Turkey" }, "geometry": { "type": "Point", "coordinates": [ 41.876, 39.938, 15.0 ] } },
{ "type": "Feature", "id": "iscgem912324", "properties": { "mag": 6.01, "place": "15 km S of Kulu, Turkey", "time": -1523111635330, "updated": 1650921266665, "tz": null, "url": "https://earthquake.usgs.gov/earthquakes/eventpage/iscgem912324", "detail": "https://earthquake.usgs.gov/fdsnws/event/1/query?eventid=iscgem912324&format=geojson", "felt": null, "cdi": null, "mmi": null, "alert": null, "status": "reviewed", "tsunami": 0, "sig": 556, "net": "iscgem", "code": "912324", "ids": ",iscgem912324,", "sources": ",iscgem,", "types": ",origin,", "nst": null, "dmin": null, "rms": null, "gap": null, "magType": "mw", "type": "earthquake", "title": "M 6.0 - 15 km S of Kulu, Turkey" }, "geometry": { "type": "Point", "coordinates": [ 33.046, 38.956, 15.0 ] } },
{ "type": "Feature", "id": "iscgem913005", "properties": { "mag": 7.0, "place": "3 km ESE of Soma, Turkey", "time": -1581645919000, "updated": 1650930862653, "tz": null, "url": "https://earthquake.usgs.gov/earthquakes/eventpage/iscgem913005", "detail": "https://earthquake.usgs.gov/fdsnws/event/1/query?eventid=iscgem913005&format=geojson", "felt": null, "cdi": null, "mmi": 7.037, "alert": null, "status": "reviewed", "tsunami": 0, "sig": 754, "net": "iscgem", "code": "913005", "ids": ",iscgem913005,", "sources": ",iscgem,", "types": ",origin,shakemap,", "nst": null, "dmin": null, "rms": null, "gap": null, "magType": "mw", "type": "earthquake", "title": "M 7.0 - 3 km ESE of Soma, Turkey" }, "geometry": { "type": "Point", "coordinates": [ 27.652, 39.176, 10.0 ] } },
{ "type": "Feature", "id": "iscgem912810", "properties": { "mag": 6.12, "place": "25 km ESE of Safranbolu, Turkey", "time": -1595695567960, "updated": 1650930728061, "tz": null, "url": "https://earthquake.usgs.gov/earthquakes/eventpage/iscgem912810", "detail": "https://earthquake.usgs.gov/fdsnws/event/1/query?eventid=iscgem912810&format=geojson", "felt": null, "cdi": null, "mmi": null, "alert": null, "status": "reviewed", "tsunami": 0, "sig": 576, "net": "iscgem", "code": "912810", "ids": ",iscgem912810,", "sources": ",iscgem,", "types": ",origin,", "nst": null, "dmin": null, "rms": null, "gap": null, "magType": "mw", "type": "earthquake", "title": "M 6.1 - 25 km ESE of Safranbolu, Turkey" }, "geometry": { "type": "Point", "coordinates": [ 32.979, 41.17, 15.0 ] } },
{ "type": "Feature", "id": "iscgem913755", "properties": { "mag": 7.0, "place": "18 km W of Do?an?ar, Turkey", "time": -1702141486420, "updated": 1650931297181, "tz": null, "url": "https://earthquake.usgs.gov/earthquakes/eventpage/iscgem913755", "detail": "https://earthquake.usgs.gov/fdsnws/event/1/query?eventid=iscgem913755&format=geojson", "felt": null, "cdi": null, "mmi": 7.452, "alert": null, "status": "reviewed", "tsunami": 0, "sig": 754, "net": "iscgem", "code": "913755", "ids": ",iscgem913755,", "sources": ",iscgem,", "types": ",origin,shakemap,", "nst": null, "dmin": null, "rms": null, "gap": null, "magType": "mw", "type": "earthquake", "title": "M 7.0 - 18 km W of Do?an?ar, Turkey" }, "geometry": { "type": "Point", "coordinates": [ 37.312, 40.201, 15.0 ] } },
{ "type": "Feature", "id": "iscgem914008", "properties": { "mag": 7.06, "place": "15 km WSW of Burdur, Turkey", "time": -1743385973490, "updated": 1650931656026, "tz": null, "url": "https://earthquake.usgs.gov/earthquakes/eventpage/iscgem914008", "detail": "https://earthquake.usgs.gov/fdsnws/event/1/query?eventid=iscgem914008&format=geojson", "felt": null, "cdi": null, "mmi": 7.003, "alert": null, "status": "reviewed", "tsunami": 0, "sig": 767, "net": "iscgem", "code": "914008", "ids": ",iscgem914008,", "sources": ",iscgem,", "types": ",origin,shakemap,", "nst": null, "dmin": null, "rms": null, "gap": null, "magType": "mw", "type": "earthquake", "title": "M 7.1 - 15 km WSW of Burdur, Turkey" }, "geometry": { "type": "Point", "coordinates": [ 30.125, 37.666, 15.0 ] } },
{ "type": "Feature", "id": "iscgem610326388", "properties": { "mag": 6.72, "place": "30 km SW of Kumba?, Turkey", "time": -1808180913670, "updated": 1650919083387, "tz": null, "url": "https://earthquake.usgs.gov/earthquakes/eventpage/iscgem610326388", "detail": "https://earthquake.usgs.gov/fdsnws/event/1/query?eventid=iscgem610326388&format=geojson", "felt": null, "cdi": null, "mmi": null, "alert": null, "status": "reviewed", "tsunami": 0, "sig": 695, "net": "iscgem", "code": "610326388", "ids": ",iscgem610326388,", "sources": ",iscgem,", "types": ",origin,", "nst": null, "dmin": null, "rms": null, "gap": null, "magType": "mw", "type": "earthquake", "title": "M 6.7 - 30 km SW of Kumba?, Turkey" }, "geometry": { "type": "Point", "coordinates": [ 27.2, 40.685, 15.0 ] } },
{ "type": "Feature", "id": "iscgem610326492", "properties": { "mag": 6.23, "place": "23 km NE of Biga, Turkey", "time": -1811169371820, "updated": 1650919124907, "tz": null, "url": "https://earthquake.usgs.gov/earthquakes/eventpage/iscgem610326492", "detail": "https://earthquake.usgs.gov/fdsnws/event/1/query?eventid=iscgem610326492&format=geojson", "felt": null, "cdi": null, "mmi": null, "alert": null, "status": "reviewed", "tsunami": 0, "sig": 597, "net": "iscgem", "code": "610326492", "ids": ",iscgem610326492,", "sources": ",iscgem,", "types": ",origin,", "nst": null, "dmin": null, "rms": null, "gap": null, "magType": "mw", "type": "earthquake", "title": "M 6.2 - 23 km NE of Biga, Turkey" }, "geometry": { "type": "Point", "coordinates": [ 27.402, 40.396, 10.0 ] } },
{ "type": "Feature", "id": "iscgem16958205", "properties": { "mag": 7.23, "place": "25 km SE of Malkara, Turkey", "time": -1811284257940, "updated": 1650918854406, "tz": null, "url": "https://earthquake.usgs.gov/earthquakes/eventpage/iscgem16958205", "detail": "https://earthquake.usgs.gov/fdsnws/event/1/query?eventid=iscgem16958205&format=geojson", "felt": null, "cdi": null, "mmi": 7.55, "alert": null, "status": "reviewed", "tsunami": 0, "sig": 804, "net": "iscgem", "code": "16958205", "ids": ",iscgem16958205,", "sources": ",iscgem,", "types": ",origin,shakemap,", "nst": null, "dmin": null, "rms": null, "gap": null, "magType": "mw", "type": "earthquake", "title": "M 7.2 - 25 km SE of Malkara, Turkey" }, "geometry": { "type": "Point", "coordinates": [ 27.121, 40.73, 15.0 ] } },
{ "type": "Feature", "id": "iscgem610326363", "properties": { "mag": 6.51, "place": "15 km ENE of ?skilip, Turkey", "time": -1878266353590, "updated": 1650919066052, "tz": null, "url": "https://earthquake.usgs.gov/earthquakes/eventpage/iscgem610326363", "detail": "https://earthquake.usgs.gov/fdsnws/event/1/query?eventid=iscgem610326363&format=geojson", "felt": null, "cdi": null, "mmi": null, "alert": null, "status": "reviewed", "tsunami": 0, "sig": 652, "net": "iscgem", "code": "610326363", "ids": ",iscgem610326363,", "sources": ",iscgem,", "types": ",origin,", "nst": null, "dmin": null, "rms": null, "gap": null, "magType": "mw", "type": "earthquake", "title": "M 6.5 - 15 km ENE of ?skilip, Turkey" }, "geometry": { "type": "Point", "coordinates": [ 34.629, 40.805, 15.0 ] } },
{ "type": "Feature", "id": "iscgem610326343", "properties": { "mag": 6.09, "place": "11 km ENE of Elhovo, Bulgaria", "time": -1921069588970, "updated": 1650919048198, "tz": null, "url": "https://earthquake.usgs.gov/earthquakes/eventpage/iscgem610326343", "detail": "https://earthquake.usgs.gov/fdsnws/event/1/query?eventid=iscgem610326343&format=geojson", "felt": null, "cdi": null, "mmi": null, "alert": null, "status": "reviewed", "tsunami": 0, "sig": 571, "net": "iscgem", "code": "610326343", "ids": ",iscgem610326343,", "sources": ",iscgem,", "types": ",origin,", "nst": null, "dmin": null, "rms": null, "gap": null, "magType": "mw", "type": "earthquake", "title": "M 6.1 - 11 km ENE of Elhovo, Bulgaria" }, "geometry": { "type": "Point", "coordinates": [ 26.685, 42.221, 15.0 ] } },
{ "type": "Feature", "id": "iscgem16958012", "properties": { "mag": 6.31, "place": "26 km ENE of Koyulhisar, Turkey", "time": -1921581354980, "updated": 1652136512286, "tz": null, "url": "https://earthquake.usgs.gov/earthquakes/eventpage/iscgem16958012", "detail": "https://earthquake.usgs.gov/fdsnws/event/1/query?eventid=iscgem16958012&format=geojson", "felt": null, "cdi": null, "mmi": 7.155, "alert": null, "status": "reviewed", "tsunami": 0, "sig": 613, "net": "iscgem", "code": "16958012", "ids": ",iscgemsup16958012,iscgem16958012,", "sources": ",iscgemsup,iscgem,", "types": ",origin,shakemap,", "nst": null, "dmin": null, "rms": null, "gap": null, "magType": "mw", "type": "earthquake", "title": "M 6.3 - 26 km ENE of Koyulhisar, Turkey" }, "geometry": { "type": "Point", "coordinates": [ 38.098, 40.406, 15.0 ] } },
{ "type": "Feature", "id": "iscgem610326342", "properties": { "mag": 6.0, "place": "21 km NNE of Karaburun, Turkey", "time": -1923419000340, "updated": 1650919047040, "tz": null, "url": "https://earthquake.usgs.gov/earthquakes/eventpage/iscgem610326342", "detail": "https://earthquake.usgs.gov/fdsnws/event/1/query?eventid=iscgem610326342&format=geojson", "felt": null, "cdi": null, "mmi": null, "alert": null, "status": "reviewed", "tsunami": 0, "sig": 554, "net": "iscgem", "code": "610326342", "ids": ",iscgem610326342,", "sources": ",iscgem,", "types": ",origin,", "nst": null, "dmin": null, "rms": null, "gap": null, "magType": "mw", "type": "earthquake", "title": "M 6.0 - 21 km NNE of Karaburun, Turkey" }, "geometry": { "type": "Point", "coordinates": [ 26.579, 38.826, 15.0 ] } },
{ "type": "Feature", "id": "iscgemsup603952288", "properties": { "mag": 6.8, "place": "13 km NNE of Sincik, Turkey", "time": -2022080069450, "updated": 1652109544842, "tz": null, "url": "https://earthquake.usgs.gov/earthquakes/eventpage/iscgemsup603952288", "detail": "https://earthquake.usgs.gov/fdsnws/event/1/query?eventid=iscgemsup603952288&format=geojson", "felt": null, "cdi": null, "mmi": 7.487, "alert": null, "status": "reviewed", "tsunami": 0, "sig": 711, "net": "iscgemsup", "code": "603952288", "ids": ",iscgem603952288,iscgemsup603952288,", "sources": ",is,iscgemsup,", "types": ",origin,shakemap,", "nst": null, "dmin": null, "rms": null, "gap": null, "magType": "mw", "type": "earthquake", "title": "M 6.8 - 13 km NNE of Sincik, Turkey" }, "geometry": { "type": "Point", "coordinates": [ 38.645, 38.153, 10.0 ] } }
]
}
